id,name,Aliases,Subset,Organisation,startDate
101,All Bar One,Bar one|Allbarone|All in one|All in bar|All bar one|Bar one|Allbarone|All bar one|Old Bar One|Barone|Bar One|Bar 1|Bar  one|Au bar one|All-Bar-One|Allbarone|Allbar one|All zBsr One|All one bar|All one|All in One bar|All in one|All for one|All for 1|All bat one|All barone|All bare one|All barb one|All bar.one|All bar pne|All Bar One|All bar none|All bar kne|ALL bar in one|All bar in|All bar 1|All bar|All Bad one|All  bar one|Al bar one|All-bar-one|All bar one,UK,,
102,AMT Coffee,Cost coffeee|Cost Coffee|AMT Coffee|ATM coffee|Atm cafe|Atm|AMT Coffee Nottingham|AMT Coffee|AMT,UK,,
103,Asda café,Sea cafe|Asda restaurant|Asda restarunt|Asda caft|Asda cafe|Asda|Adsa Cafe Basildon|Adds cafe|Costa café|Asdsa|ASDS cafe|Asder|Asdda|Asdasdas|Asdasda|Asda's Cafe|Asdas cafe|Asdas|Asda café|Asda cafe|Asda (Cafe)|Adsda|Adsa cafe|Adsa|Asds|Asda restraint|Asda cafe|Asda|Bel Café|Asdf|Asdas|Asda Restaurant|Asda living|Asda Home|Asda coffee shop|Asda caffe|Asda café|Asda cafe|Asda|Adsa|Aada cafe|Aada|Asda|Asda restaurant,UK,,
0,ASK Italian,AskItalian|AskItalia|Ask pizza|Ask Itslian|Ask itilian|Ask itialian|Ask Itallia|Ask italian|Ask italia|Ask italain|Ask|Ask Italian|Ask italia|Ask Italian|ASK|Ask,UK,azzuri,
//104,Bagel Factory,Bagel factory|Bagel factory,,,
105,Bar + Block,Bar and block|Bar + block|Bar+Block|Bar and block|Bar & Block,UK,,
106,Barburrito,Barburritos|Barburrito|Barbarrito|Bar Burrito|Barburritto|Barburrito|Barburito|Bar burrito|Bar burito|Bar barrito|Barburrito|Bar burrito,UK,,
1,Beefeater,"The Beefeater|Befeater|Beefter|Beefing|Beefeter|Beefetaer|Beefeeter|Beefeeater|Beefeatet|Beefeater's|Beefeaters|Beefeater grill|Beefeater|Beefearters|Beefeapter|Beefaeter|Beef frankie eater|Beef ferger|Beef eatet|Beef eaters|Beef eater|Beeefeater|Beafeaters|Beafeater|Beaf Eater|\beefeater|The Beefeater|Beger king|Beekeeper|Beefeeter|Beefeayer|Beefeaters|Beefeater pub|Beefeater|Beefeatef|Beef eater|Beafeeter|Beafeater|The beefeater|Berfeater|Beffeter|Beffeater|Befeeter|Befeater|Beefweater|Beefheater|Beeffeeter|BeefFeater|Beefeter|Beefeeter|Beefeatter|Beefeathers|Beefeatewr|Beefeatet|Beefeater's|Beefeaters|Beefeater,|Beefeater inns|Beefeater Grill|Beefeater chain|Beefeater|Beefeaster|Beefeaer|Beefater|Beef eatier|Beef eaters|Beef eater|Beef eateer|Beeefeatr|Beeefeater|Beedeater|Bee eater|Beat eater|Beafeeter|Beafeatet|Beafeater|Beaf eater|9Beefeater|Beefeaters|Beefeater|Beefeatee|Beef eater",UK,,
//107,Belgo,Bellvue|Bellini|Bellas|Belgo's|Belgos|Belgo Bromley|Belgo|Belgo|Belgo,,,
2,Bella Italia,Italian belle|Below italia|Bells italia|Bellitalia|Bellia Italia|Belle Italien|Belle Italian|Belle italia|Bellas italia|Bellaitalia|Bella vita|Bella pizza|Bella pasta|Bella Otalia|Bella ittlia|Bella Ittalia|Bella itslia|Bella itlia|Bella Itillia|Bella itilla|Bella itilia|Bella itila|Bella itialia|Bella itiala|Bella Italy|Bella itallia|Bella italla|Bella italis|Bella italine|Bella Italie|Bella Italiayo sushi|Bella italiano|Bella italiana|Bella Italian|Bella Italia|Bella itali|Bella itala|Bella itain|Bella itailia|Bella Itaila|Bella itaia|Bella Ilatia|Bella ilaliano|Bella Etalia|Bella atta|Bella  Italian|Bella  Italia|Bella|Bell italia|Bêla italia|Bela italia|Bel italia|Beelitalia|Balla itallia|:Bella Italia|Bells Italia|Bellatalia|Bellaitalia|Bella itlia|Bella italy|Bella italua|Bella itallia|Bella italla|Bella italiana|Bella Italian|Bella italia|Bella itala|Bella itailia|Bella Itaila|Bella Itaia|Belle italia|Bella pasta|Bella Itallia|Bella italla|Bella italian|Bella italia|Bella ifalia|Bella,UK,bellaitalia,
196,Benugo,Benugo|Mango|Benugo|Benugo|Benigo|Beluga,UK,,
53,Bill's,"Birleys|Birds|Billys|Bill's Restaurant, Aldershot|Bills place|Bills carluccios|Bills cafe|Bill's|Bills|Billa|Bill’s|Bill|Beales|M d's|Billy's|Bills|Bill's|Billal|Bill’s|Bill|Bill's|Bills|Bill's Restaurant",UK,bills,
108,Bistrot Pierre,Pierre bistrot|Pierre Bistro|Pierre|Pieros|Piere Bistro|Le bistrot pierre|Le Bistro Pierre|Le Bistro Peir|Le Bistro|Bristrot Pirrie|Bistrot Pierres|Bistrot pierre|Bistros|Bistro Pierrs|Bistro pierre|Bistro piere|Bistro|Bistr pierre|Bisrot pierre|Bistrot pierre|Pierre bistro|Bistrot Pierre|Bistro Pierre white|Bistrot pierre,UK,,
51,Brasserie Blanc,Brassirie blanc|Brassire Blanc|Brassierie blanche|Brassierie blanc|Brassiere blanc|Brassica|Brasseries|Brasserie cote|Brasserie blanc|Brasserie|Blancs brasserie|Blancs braserie|Blanc brasserie|Brasserie Blanc,UK,,
3,Brewers Fayre,Fayres brewery|Fayers brew|Brewyers fayre|Brewyers farye|Brewwers Fayre|Brewsters fayre|Brewsters|Brewster fayre|Brewster|Brewsfare|Brewres fayre|Brewqers Fayre|Brewfayne|Breweys fayre|Breweys fair|Brewes Fayre|Brewery fayre|Brewersfyer|Brewersfayre|Brewersfaye|Brewersfare|Brewersfaire|Brewer's Fyre|Brewer's Fryre|Brewer's Fayre|Brewers Fayre|Brewers fayer|Brewers faye|Brewers farye|Brewers fare|Brewers Faire|Brewers fair|Brewers fagre|Brewers afyre|Brewers|Breweres fayre|Brewere’s Fayre|Brewer fayre|Brewer faye|Brewer fare|Brewer fair|Brewer|Brewars Fayre|Breweyes fayre|Brewersfayer|Brewers fayte|Brewers fayrw|Brewers fayre pub|Brewers fayre|Brewers fayner|Brewers fayer|Brewers Faye|Brewers fare|Brewers faire|Brewers fair|Brewerd fayre|Brewera fayer|Brewer Fayre|Greers Fayre|Byrwers fair|Buyers fayre|Brwers fare|Brusters fayre|Brewyer farye|Brewsters fayre|Brewster fayre|Brewest fayre|Brewery’s  fayre|Brewery Fayre|Brewersfayre|Brewersfayer|Brewersfaye|BrewersFare|Brewersfair|Brewers wharf|Brewers tap|Brewers rayed|Brewers fYre|Brewers fyare|Brewers fryre|Brewers feast|Brewers Fayte|Brewers fayres|Brewers fayre redhill|Brewers Fayre Inn on the Quay|Brewers Fayre Bexleyheath|Brewers fayre|Brewer's fayre|Brewers' fayre|Brewers fayr|Brewers Faye's|Brewers fayes|Brewers fayers|Brewers fayer|Brewers fayee|Brewers Faye’s|Brewers faye|Brewers faure|Brewers farye|Brewer's fare|Brewers fare|Brewers faire|Brewers Fair|Brewer's fair|Brewer's Arms|Brewers arms|Brewers  fayre|Brewers|Brewerrs Fayre|Brewerfayre|Breweres fayre|Brewera fayre|Brewera fare|Brewer fayre|Brewer Faye|Brewer fay|Brewer farye|Brewer and Fayre|Brewed fayre|Brewars fayre|Brewars faire|Braer Fayres|B Brewers Fayre|Brewyers fayre|Brewers Fayre|Brewers fayer|Brewers faye|Brewers farye|Brewers fare|Brewers fair,UK,,
109,Browns,Browns wine bar|Browns vegetarian restaurant|Browns edinburgh|Browns Covent Garden|Browns brasserie|Browns Bar & Brasserie|Brown's|Browns|Brains|Crowne|Crown|Brown's|Browns|Browns brassier|Browns Bar & Brasserie|Brown's|Browns|Browns|Browns wine bar,UK,,
110,Burger King,Butger king|Burker king|Burher king|Burgur king|Burguer king|Burgking|Burghers king|Burgher king|Burgeyy king|Burgewr king|Burgers king|Burgerking|Burger.king|Burger kong|Burger kitchen|Burger kink|Burger kings|Burger King|Burger kind|Burger kin|Burger ki g|Burger jung|Burger  king|Burgarking|Burgar king|Buking king|Bugger King|Bugerking|Buger king|Buffet king|Budget king|BKing|BK|Berger King.|Berger King|Bergaer king|Bereger king|🍔 king|Nurger king|Curry king|Byrger king|Butgerking|Butger King|Burver king|Burker King|Burgwer king|Burgurking|Burgur king|Burguer king|Burguar king|Burgrking|Burgherking|Burgger king|Burget king|Burgers king|Burgerr King|Burgerkings|Burgerking|Burger kong|Burger knig|Burger kkng|Burger KKing|Burger kinh|Burger kings king|Burger kings|Burger kingq|Burger KingMc D|Burger Kingh|Burger king mcdonaleds|Burger King|Burger Kind|Burger Kin|Burger kiing|Burger kig|Burger k8ng|Burger  king|Burged King|Burge kink|Burgar king|Burgaking|Burdher king|Bugger king|Bugerkings|Bugerking|Buger king|BrugerKing|Bruger King|Brger king|Birgerking|Birger ming|Birger king|Bergerking|Berger king|Berga king|Bargure king|B king|Butger king|Burgur king|Burget King|Burgerking|Burger kings|Burger king|Bruger king|BK|Burgher.king|Burgerking|Burger kink|Burger kings|Burger king?|Bürger king|Burger king|Burger k.|Burger ing|Burger can|Burger bar|Burge king|BugerKing|Buger King|Brugerking|Brger king|Beger king|BK,UK|US,burgerking,
111,Busaba Eathai,Busaba thai|Busaba etai|Busaba Eatthai|Busaba eat-thai|Busaba Eathia|Busaba eathai|Busaba Eatai|Busaba|Busaba Thai|Busaba,UK,,
33,Byron,Byrons burgers|Byron's|Byrons|Byronburger|Byronbuger|Byron’s|Byron Burgers|Byron burger|Byron|Byrin burger|Brysons|Bryons burger|Bryon burger|Biron Burger|Marina|Grind|Byrons Burgers|Byron's|Byrons|Byron urger|Byron burguers|Byron burgers|Byron Burger|Byron|Byrons|Byron|Bryron Burger,UK,byron,
5,Café Rouge,Fe Rouge|Csfe rouge|Cefe Rouge|Cate rouge|Care rouge|CafeRouge|Cafer rouge|Cafe Ruge|Cafe Rougue|Cafe Roughe|Cafe rough|Cafè Rouge|Café rouge|Cafe rouge|Cafe Roue|Cafe roude|Cafe roiuge|Café rogue|Cafe Rogue|Cafe riuge|Cafe  rouge|Cage rouge|Café Rouge|Caffe rouge|Cafe ruge|Cafe rougue|Cafe Rough|Café rouge|Cafe rouge|Cafe rouch|Cafe Rosh|Cafe Rogue,UK,caferouge,
112,Caffe Nero,"Neros|Nero coffe|Nero Caffe|Nero|Caffè nero|Caffé Nero|Caffe Nero|Caffe nearo|Cafè Nero|Café nero|Cafe nero|Neros coffee shop|Nero Coffee Shop|Nero caffe|Nero cafe|Coffee Nero|Cofe nero|Care nero|Cage nero|Caffee Nero|Caffe nerro|Caffe Nerp|Caffe Nero's|Caffe Neros|Caffe Nero,|Caffè Nero|Caffé Nero|Caffe Nero|Cafenero|Cafee nero|Cafe niro|Cafe nerp|Cafe Neros|Café neró|Café Nero|Cafe nero|Cafe neeo|Cafe Leo|Cafe  nero|CafaNero|Nero Coffee Shop|Nero coffee|Nero|Coffe nero|Caffè nero|Caffe nero|Caffe' nero|Cafenero|Cafee nero|Cafe niro|Cafè Nero|Café nero|Cafe nero|Oaffe nero|Niro|Neuro|Neru|Nerro|Neros cafe|Nero's|Neros|Neroes|Nerocafe|Nero’s|Nero?|Nero s|Nero Coffee|Nero caffee|Nero caffe|Néro cafe|Nero cafe|Nero|Coffer Nero|Coffee nero|Coffe nero|Coffe negro|Cofee Nero|Cate nero|Casfe nero|Care nero|Card nero|Car nero|Cage nero|CAfffe Nero|CaffeNero|Caffeine Nerro|Caffeine nero|Caffee Nero|Caffee nearo|Caffee naro|Caffeanero|Caffe Niro|Caffe neuro|Caffe Nerrro|Caffe nerro|Caffe Neros|Caffè Nero|Caffé Nero|Caffe Nero|Caffe' nero|Caffe neri|Caffe negro|CafeNero|Cafee nerro|Cafee NERO|Cafea nero|Cafe nuro|Cafe Nreo|Cafe Niro|Cafe Neutro|Cafe Neuro|Cafe netto|Cafe neto|Cafe neti|Café nerro|Cafe nerro|Cafe nerp|Cafe Nero's|Cafe Neros|Cafe Nerol|Cafe Neroe|Cafe Nero,Costa, Coffee1,Starbucks|Cafe nero,|Cafe Nero Cafe2U|Çafe nero|Cafè nero|Café nero|Cafe Néro|Cafe Nero|Cafe nerd|Cafe neoro|Cafe neor|Cafe Neo|Cafe negro|Cafe bero|Cafe  nero|Cafa Nero|Caf Nero|Cade nero|Afe nero|Nero",UK,caffenero,
6,Carluccios,"Garlucio's|Garlucios|Garluccios|Caruluccio|Carulccio's|Caruccios|Carrlucios|Carrluccios|Carluzzio|Carluucia|Carlutios|Carlucius|Carlucio's|Carlucios|Carlucio|Carluchitties|Carluchio's|Carluchios|Carluchio|Carluchies|Carluchi|Carlucco|Carluccis|Carlucci's|Carluccio's|Carluccios|Carluccioa|Carluccio’s|Carluccio`s|Carluccio|Carluccii|Carluccicos|Carluccia's|Carlucci,s|Carlucci pus|Carlucci|Carlucchos|Carlucchios|Carlucccios|Carlouico|Carlouccio|Carlochios|Carllucos|Carllucios|Carlitos|Carlincos|Carliccios|Caralliccos|Caluccio's|Caluccios|Calucci|Callucios|Calluchios|Calcuttios|Calcuccios|Caarluccios|Carlucios|Carlucio|Carluchos|Carluchios|Carluchiano|Carluccisis|Carluccis|Carluccio's|Carluccios|Carluccio|Carlucchios|Carlucccios|Caluccios|Carluttios|Carlucios|Carluchio's|Carluchios|Carluccio's|Carluccios|Carluccio|Carluccies|Carlucchios|Carloccios|Cappucios|Caluccis|Caluccio's",UK,carluccios,
//113,CAU,Caw|CAU|Mapas|Macys|Macd9|Mac d|Lucas|Dadad|Cvcv|Currt|CUP|Crussh|Crush|Crisp|Creg|Could|Cau|Cau,,,
56,Chef & Brewer,Chef brewer|Chef bewer|Chef and brewer|Chef abd Brewer|Chef & Brewr|Chef & brewer|Chef n brewer|Chef brewer|Chef andBrewer|Chef and brewer|Chef & Brewer|Chef and Brewer,UK,,
114,Chicken Cottage,Chucken cottage|Chicken cottage|Chickin cottage|Chicken cottege|Chicken Cottage|Chicken cottag|Chicken cotage|Chicken cottage|Chicken cottage,UK,,
115,Chilango,Chilangos|Chilango|Malingo|Chillangos|Chillango|Chilango's|Chilangos|Chilango|Chikano's|Changos,UK,,
//63,Chimichanga,Ciimichanga|Chimney changers|Chimmychangad|Chimmy changers|Chimmy changa|Chimmichangas|Chimmichanga|Chimichangoes|Chimichangers|Chimichange|Chimichangas|Chimichanga's|Chimichanga|Chimichamga|Chimi chungas|Chimi Changas|Chimi changa|Chimechanga|Chime changas|Chimachanga|Chicimanga|Chimmichangas|Chimmi Changas|Chimiganga|Chimichangos|Chimichango|Chimichangas|Chimichanga’s|Chimichanga|Chimi changas|Chimi Changa,,,
116,Chipotle,Chipotle|Chipolte|Chipotle|Chipotle,UK|US,,
7,Chiquito,Ciquitos|Chuquitos|Chquitos|Chiutos|Chiuquito|Chiquto's|Chiqutos|Chiqutoes|Chiquto|Chiqutios|Chiqutio|Chiquotos|Chiquota|Chiquittos|Chiquitto|Chiquittas|Chiquitoz|Chiquito's|Chiquitos|Chiquitoes|Chiquito|Chiquitios|Chiquiteos|Chiquitas|Chiquita|Chiquiquitas|Chiquiotos|Chiqueyo|Chiquetos|Chiqueties|Chiquetas|Chiqqitos|Chiqoutes|Chiqotoes|Chiqiuto's|Chiqitto|Chiqitos|Chiqito|Chiqiotos|Chiqichitos|Chiqetoes|Chicquito|Chicqiuotos|Chicottos|Chicoquitos|Chicktos|Chickitos|Chicitos|Chicito|Chicinos|Chichito|Chiccitos|Chicaritos|Chequitos|Chaquitos|Chaquito|Choquitos|Chiquittos|Chiquito's|Chiquitos|Chiquitoes|ChiQuito|Chiquitas|Chiquita|Chiquento|Chiqitos|Chiqitoes|Chiqito|Chiqetto|Chiqeoutos|Cheqitos|Chacitos|Chiqutos|Chiquitos|Chiquito|Chiquita|Chicqito|Chichito,UK,trg,
201,Chop'd,,UK,,
199,Chopstix,Chopstixs|Chopstix|Chop stix|Chopstix|Chopsticks|Chopstick|Chop Stix|Chopsticks|Chopsticks|Chop stix,UK,,
117,Coast to Coast,Cost to cost|Coast2coast|Coast to coast|Coast to  coast|Coast 2 coast|Coast to coast|Coast to coast|Coast|Coast to coast,UK,,
118,Coco di mama,Coco di mama|Coko|Coco's|Coco di Mama,UK,azzuri,
120,Coffee Republic,Coffee republic|Xoffee republic|Coffee Republic|Coffe republic|Coffeerepublic|Coffee rupublic|Coffee Republic|Coffee repblic|Coffe republic|Café republic|Cafe republic,UK,,
119,Coffee#1,Coffee#1|Coffee2|Coffee1|Coffee#1|Coffee One|Coffee number one|Coffee number 1|Coffee no1|Coffee No.1|Coffee No. 1|Coffee no 1|Coffee 1|Coffee #1|Coffe1|Coffe 1|Coffe #1|Cafe no.1|Cafe no 1|Cafe #1|#Coffee1|#Cafe1|Coffee#1|Coffee number one|Coffee 1|Coffee #1|No1Coffee|Coffeeone|Coffee1##|Coffee1|Coffee#One|Coffee#1|Coffee#|Coffee one|Coffee Number one|Coffee number 1|Coffee no1|Coffee no.1|Coffee no. One|Coffee no. 1|Coffee no 1|Coffee N1|Coffee 1#|Coffee 1|Coffee #9|Coffee #1|Coffee # 1|Coffe1|Coffe one|Coffe #1|Ccffee #1|Coffee no. 1|Coffee no. One|Coffee no.1|Coffee number 1|Coffee Number one,UK,,
205,Comptoir Libanais,Comptoir Libanaise|Comptoir Libanais|Comptoir libinais,UK,,
//194,Coppa Club,Coppa club,,,
203,Cosmo,Cosmo's|Cosmos|Cosmo Sheffield|Cosmo|Cosma|Comos|Crumbs|Croydon|Cremes|Cousins|Cottons|Cosmos|Cosmo|Coscos|Cosco|Corsant|Cosmo|Cosco,UK,,
121,Costa,"Whatever's attached to a Premier Inn|Costor|Costner|Costas|Costa coffee|Costa coffe|Costa cofee|Costa cofe|Costa cafe|Costa|Cost a|Coasy|Coaster|Coastal coffee|Coast|Lpusa|Crystals|Crust|Croust|Crossaut|Crossant|Cpsta|Cova|Costz|Costs|Costos|Costo|Coster|Coste|Costco|Costca|Costa's|Costas|Costamacdonald|Costal coffee|CostaCoffee|CostaCoffe|Costacofe|Costa7|Costa’s|Costa?|Costa/Starbucks|Costa/coffee shop|Costa/ coffee shop|Costa,|Costa Coffer|Costa coffees|Costa coffeee|Costa coffee Shop|Costa coffee|Costa coffe|Costa cofee|Costa Cofe|Costa Cffee|Costa caffè|Costa caffe|Costa cafee|Costa cafè|Costa cafe|Costa|Cost|Cosra|Coffee shop like costa|Coffee Shop Costa Starbucks etc|Coffee Shop Costa|Cafe costa|Costs|Coste|Costa's|Costas|Costa coffee|Costa coffe|Costa cafe|Costa|Cost coffee|Cost|Cosi Bar|Gosta|Cotsta Coffee|Cotsta|Cotsa|Cotacoffee|Cota Coffee|Cot a coffee|Costtaaa|Costta|Costsa|Costs express|Costs coffer|Costs coffee|Costs|Costos|Costo Coffee|Costo|Costers|Coster coffee|Coster|Costcoffee|Costca|Costas|Costa's|Costalot|CostaCoffee|Costacoffe|Costaa|Costa`|Costa\|Costa,s coffee|Costa,|Costa Wembley park|Costa various|Costa s|Costa Rica|Costa only|Costa if desperate|Costa express|Costa Coofe|Costa cogfee|Costa coffiee|Costa coffie|Costa cofffee|Costa cofff|Costa coffer|Costa coffees|Costa Coffee.|Costa Coffee drive through|Costa coffee|Costa coffe|Costa cofee|Costa codfee|Costa caffee|Costa Caffe|Costa cafe`|Costa Cafè|Costa cafe|Costa blend|Costa (lot)|Costa  cofffee|Costa|Çosta|Costa|Cost to|Cost coffee|Cost a coffee|Cost|Cossta|Cosracoffee|Cosra|Cosa|Coffee costa|Codta|Coata|Coaster|Coastal coffee|Coasta coffee|CoastA|Ccsta|Casta coffee|Casta|Caffe costa|Cafe costa|C0sta|Costa Coffee",UK,,
206,Cosy Club,Cosy club|Cosie Club|Cosi club|Cozy Club|Cosy Club|Cosy Cafe|Cost club|Cosys|Cosy Coffee Club|Cosy coffee|Cosy club|Cosy cafe,UK,,
36,Côte,La cote|Cotes brasserie|Cotês|Cotes|Cote de brasserie|Côte brasserie|Cote Brasserie|Cote Braserie|Cote basserite|Côte|Cote|Cot|Core brasserie|Coates|Coate brasserie|Cwtch|Côte|Cote|Corte|Cotes brassieres|Cote's|Cotes|Cote brassiere|Cote Brasserie|Cote Braserie|Cote|Cote|Corte 1|Cote|Cote Brasserie,UK,Cote,
186,Creams Cafe,Dream cafe|Creams cafe|Fred's Cafe|Cuneos cafe|Crumbs Cafe|Crown cafe|Creams Desserts|Creams cafe|Cream's|Cory’s cafe|Creams,UK,,
122,Crown Carveries,Crowns|Crowne|Crown pub|Crown inn|Crown Hotel|Crown Cavery|Crown caverues|Crown carvry|Crown carverys|Crown Carvery|Crown carveries|Crown carvary|Crown carvaries|Crown at woodbridge|Crown Acrveries|Crown  carvery|Crown|Crowne carvery|Crown carvies|Crown carviers|Crown carverys|Crown Carvery|Crown carveries|Crown Carvary|Crown carvaries|Crowne Carvery|Crowne|Crown taverns|Crown Cravery|Crown cavery|Crown caveries|Crown carvey|Crown carvery|Crown carvers|Crown carveries|Crown carvaries|Crown|Carvery pubs|Crown carvery|Crown|Crown carvery,UK,,
123,Deliveroo,Deliveroo|Deliveroo|Deliveroo,UK,Deliveroo,
207,Department of Coffee and Social Affairs,Department of coffee and social affairs|Department of Coffee and Social Affairs|Department of Coffee & Social Affairs,UK,,
208,Dirty Martini,Dirty martinis|Dirty Martini|Dirty Marrinins,UK,,
189,Dobbies Garden Centre Café,Garden centres such as Dobbies|Coffee shop in dobbies garden centre|Dobbies,UK,,
124,Domino's,Dpminios|Domnios|Domminos|Domio's|Domioes|Dominouse|Domino's pizza|Dominos pizza|Domino's|Dominos|Dominoes Pizzas|Dominoes pizza|Dominoe's|Dominoes|Dominoe|Domino’s|Domino s|Domino Pizza|Domino|Dominnos|Dominics|Domimos|Domianos|Dolminos|Dolminoes|Dminos|Marinos|Doninos|Donimos|Domonos|Domitris|Domino's pizza|Dominos Picca|Domino's|Dominos|Dominopizza|Dominois|Dominoes pizza|Dominoes  pizza|Dominoes|Domino’s|Domino´s|Domino`s|Domino spizza|Domino pizza|Domino|Dominium|Dominios|Dominions|Dominaos|Dolminos|Donimos|Dominous|Domino's pizza|Domino's|Dominos|Dominoes pizza|Dominoes|Domino|Dominios|Domino's Pizza|Domino Pizza|Domino,UK|US,,
125,EAT,"Eat.|Eat|Marks|Many|Mall|Macs|Mace|Macd|Freash|Eat.|Eat,|EAT|Daad|Creams|EAT|Eat@thestade|Eat@thepark|Eat.|Eat Tokyo|Eat",UK,,
126,Eating Inn,Eating Inns|Eating Inn|Eating inn|Eating inn|Eating in|Eatin|Eat inn,UK,,
67,Ed's Easy Diner,Ed's Easy Diner|Eds easy diner|Ed's Dinner|Eds dinner|ED's diner|Eds Diner|Eds burgers|Ed's Bar & Grill|Ed's|Eds|Ed’s easy dinner|Ed’s diner|Ed’s burgers|Ed’s|Ed jerrys|ED|Ed's Easy Diner|Eds Easy Diner|Ed's|EDs diner|Edc|Ed’s diner|Ed's Diner,UK,boparan,
54,Ember Inns,Enber inns|Embers inns|Ember inns|Ember inn|Ember|Elroys|Amber inns|Amber inn|Ember inns|Ember innd|Ember inn|Embo|Ember Inns|Ember Inn|Amber Inns,UK,,
127,Farmhouse Inns,Farmhouseinns|Farmhouse inns|Farmhouse inn|Farmhouse|Farm House Inn|Farnhouse inn|Farmhouse Inns|Farmhouse inn|Farm house inns|Farmhouse,UK,,
59,Fayre and Square,Fayrecand square|Fayre n square|Fayre ans square|Fayre and squared|Fayre and square|Fayre &a square|Fayre & SquRe|Fayre & square|Fayre  n square|Faye's and square|Faye and square|Farye square|Farye and square|Farye & square|Fare and Square|Fair&square|Fair and square|Fair & Square|Fayre n square|Fayre and square|Fayre & Square|Fare and square|Haye and square|Gayer and square|Frye and square|Fayrer and square|Fayre square|Fayre n square|Fayre ans square|Fayre and sqyare|Fayre and square|Fayre and fine|Fayre and brewer|Fayre and aquare|Fayre + Square|Fayre & square|Fayre & Share|Fayre|Fayr e and square|Faye's & Square|Fayes|Fayers brewer|Faye Square|Faye and Brewer|Fay r and square|Fatter and square|Farye and square|Fare and square|Fare an square|Faire and square|Fairandsquare|Fair& squaer|Fair square|Fair and square|Fair and squar|Fair and sqaure|Fair and sauare|Fair an square|Fair & square|Fabre and square|Fayre & Square|Fare and square|Fair and square|Faayre and square|Fayre & Square,UK,,
65,Five Guys,The five guys|Four guys|Fiveguys|Fiveguy|Five quarter|Five Lads|Five Guys Burgers and Fries|Five guys burgers|Five guys burger|Five guys|Five gays|Five  guys|5guys|5 guys burgers|5 guys|3 guys|Fiveguys|Five Guys|Fiveways|Fiveguys|Five ways|Five guys|Five Guys|5guys|5 guys|5 guys,UK|US,,
60,Flaming Grill,Flamming grill|Flamingg grill|Flaming mangle|Flaming Grills|Flaming Grill|Flaming gril|Flaming girl|Flaming Grill Pub|Flaming grill|Flaming gril|Flame grill|Flamming grill|Flaming grill,UK,,
69,Franco Manca,Frango's|Frangos|Franco's|Francos|Francomancas|Franco mqnca|Franco manga|Franco Manco|Franco manca|Franca Manca|Franc Mancas|Franco Manco|Franco mancas|Franco Manca|Franca manco|Franca Manca|Franco manca|Francos|Franco Manca|Franco Manca Pizza,UK,francomanca,
9,Frankie and Benny's,"Frsnkie and benny|FrNkis Andy bennis|Frnkie and bennies|Freankie and bennies|Fraznkie and bennys|Frankys and bennys|Franky&benny|Franky n bennys|Franky bennys|Franky benny|Franky and benys|Franky and Benny's|Franky and bennys|Franky and benny|Franky and bennies|Franky and benies|Franky and banies|Franky &Benny|Franky & Bennys|Franky & benny's|Franky & Benny|Franky & Bennie's|Franky & Bennies|Franky & Bennie|Frankue and bennies|Franks|Frankness and bennys|Frankness and benny|Frankly& benneys|Frankly n bennys|Frankly and bennyys|Frankly and Benny's|Frankly and bennys|Frankly and benny|Frankly and bennies|Frankly an bennys|Frankly & Bennys|Frankly & Benny’s|Frankish and bennies|Frankire and bennys|Frankincense and bennies|Frankin and bennies|Frankiie and Bennys|Frankies&Bennies|Frankie's n bennys|Frankies n bennys|Frankies and Beny|Frankie's and Benny's|Frankies and benny's|Frankies and bennys|Frankies and benny’s|Frankies and Benny|Frankie's and Bennie's|Frankie's and bennies|Frankies and bennies|Frankies and beenies|Frankie's & Benny's|Frankies & Benny's|Frankies & bennys|Frankie's & Bennie's|Frankies & Bennies|Frankies|Frankieandbennies|Frankieand bennies|Frankie. And Bennies|Frankie&johnnies|Frankie&Bennys|Frankie&benny's|Frankie&Benny’s|Frankie&benny|Frankie&bennie's|Frankie&bennies|Frankie nd benniew|Frankie nd bennies|Frankie n Benny's|Frankie n bennys|Frankie n Benny|Frankie n bennies|Frankie n benies|Frankie daughter bennys|Frankie beny|Frankie bennys|Frankie benny|Frankie Benni's|Frankie bennies|Frankie bennie|Frankie be benny|Frankie and.bennies|Frankie and nannies|Frankie and n=bennies|Frankie and bernys|Frankie and bernie|Frankie and benys|Frankie and Beny|Frankie and Benny's|Frankie and bennys|Frankie and Benny’s|Frankie and benny;s|Frankie and Benny 's|Frankie and benny|Frankie and bennts|Frankie and Bennnys|Frankie and bennny|Frankie and bennnies|Frankie and Bennie's|Frankie and bennies|Frankie and benniea|Frankie and Bennie’s|Frankie and Bennie|Frankie and benneys|Frankie and Benne|Frankie and benies|Frankie and benes|Frankie and bends|Frankie and benbys|Frankie and beenys|Frankie and beenies|Frankie and beenie|Frankie and beanies|Frankie and bannie|Frankie and b nnies|Frankie and  Benny's|Frankie and  bennys|Frankie An bennys|Frankie an bennies|Frankie amd bennies|Frankie a nd Bennys|Frankie § benny|Frankie + bennys|Frankie &Bennys|Frankie &Benny|Frankie &Bennies|Frankie &beenys|Frankie & Bennys's|Frankie & bennys|Frankie & Benny's|Frankie & Benny’s|Frankie & benny?|Frankie & Benny;s|Frankie & Benny/s|Frankie & Benny,s|Frankie & Benny|Frankie & Bennie's|Frankie & Bennies|Frankie & Bennie|Frankie & benies|Frankie  bennys|Frankie  and bennies|Frankie  and  Bennys|Frankie  & Benny's|Frankie|Frankic and Bennys|Franki n bennys|Franki ebennys|Franki and bennys|Franki and benny's|Franki and bennis|Franki and bennies|Franki and benni|Franki & Bennys|Franki & bennie|Frankey and Benny's|Frankey and benny|Frankey and bennies|Frankes & Bennes|Frankel and bennys|Frankel and bennies|Frankee and bennys|Franke and beny|Franke and Benny's|Franke and Bennys|Franke and bennies|Frank n Bennys|Frank n bennies|Frank I and bennys|Frank bennies|Frank and Bernie|Frank and bens|Frank and Benny's|Frank and bennys|Frank and Benny|Frank and Bennie's|Frank and bennies|Frank and bennie|Frank & Bernie|Frank & Bennys|Frank & Bennies|Frank|Franiue and bennys|Franie and bennys|Francky and benny|Francie and bennys|Francie and Benny|Framkie n bennys|Framkie and bennies|Frakie & bennys|Feankie and bennys|Fannie and bennies|Fankie+bennys|Fankie and bennys|Fankie and bennie|Fankie and benies|Fankie and beenys|Fankie & bennies|Fandb|F&b|F and b|Benny 7 Frankie|Benny & frankie|Frnakie and bennys|Frany and bennies|Frankys and bennys|Franky n Bennys|Franky bennys|Franky bennyes|Franky and Benny's|Franky and bennys|Franky and benny|Franky and benniss|Franky and bennies|Franky and benies|Franky & Bennys|Franky & Benny|Franks and bennys|Frankness and bennies|Frankly and Benny's|Frankly and bennys|Frankly and bennies|Frankly & bennys|Frankincense and bunny's|Frankies n bennys|Frankies bennys|Frankie's and benny's|Frankies and bennys|Frankies and bennies|Frankies and beneas|Frankies & Bennys|Frankienjoy and bennies|Frankiee@bennys|Frankieand bennys|Frankieand beenys|Frankie’s and Benny’s|Frankie. And bennies|Frankie&Bennys|Frankie&benny|Frankie&bennies|Frankie&benneys|Frankie Nd bennys|Frankie nad bennys|Frankie n Bennys|Frankie I& bennies|Frankie bennys|Frankie benny|Frankie bennies|Frankie andbenny|Frankie and bunnies|Frankie and beny|Frankie and Benny's|Frankie and Bennys|Frankie and Benny’s|Frankie and Benny s|Frankie and benny|Frankie and bennies's|Frankie and Bennie's|Frankie and bennies|Frankie and Bennie|Frankie and benneys|Frankie and benies|Frankie 7 Bennies|Frankie + Bennie’s|Frankie @bennies|Frankie &bennys|Frankie & Benny's|Frankie & Bennys|Frankie & Benny’s|Frankie & Benny|Frankie & Bennie's|Frankie & Bennies|Frankie & bennie|Frankie & benies|Frankibennes|Franki & Bennys|Frankey and benny's|Frank&Benees|Frank n bennys|Frank is bennys|Frank is and bennies|Frank and bennys|Frank and benny|Frank and bennies|Frank and Bennie|Frank and beney|Frank & benny|Frank & Bennies|Franies and benys restaurant|Franckie and bennys|Franck and Bennies|Frackie benny|Farnkie and bennys|Frenki benny|Frankys and bennys|Franky's and benny|Frankys|Franky and Bennys|Franky and benny|Franky and benneys|Franky & bennies|Frank's Bar|Franks|Frankincense and bennies|Frankie's and bennys|Frankies and bennys|Frankies and bennies|Frankie's & Benny's|Frankies|Frankie&Bennys|Frankie howards|Frankie beny|Frankie Bennys|Frankie and Nennies|Frankie And Benny's|Frankie and bennys|Frankie and Benny|Frankie and bennies|Frankie and benni|Frankie & bennys|Frankie & Benny|Frankie & bennies|Franki and bennys|Frank it’s and bennys|Frank And Bennys|Frank and Benny's|Frank and bennies|Frank & Bennys|Frank & Bennie's|Frankie & Benny's",UK,trg,
61,Gail's,Mario's|Marias|Mailbox|Macies|Grillz|Griller|Grill|Gail's|Craig's|Gail's bakery|Gail's|Gails|Gail's Bakery,UK,,
128,Garfunkel's,Garfunkles|Garfunkel's|Garfunkels|Garfunkel|Garfungles|Garfuncles|Garfinkels|Garfunkels,UK,,
129,Gaucho,La Gaucho|Guacho|Gouchos|Goucho|Gauchos|Gaucho’s|Gaucho grill|Gaucho|Gaucho|Couch|Grouchos|Gouygo|Gaucho|Gaucho Grill,UK,,
130,Generous George,The George|Generous George|Generous George,UK,,
320,Giggling Squid,The Giggling Squid|Giggling squid|Giggaling Sqiud|Giggling squid,UK,,
10,Giraffe,"The Giraffe|Gitaffee|Girraffe|Girrafee|Girrafe|Giraffs|Girafffe|Giraffes|Giraffee|Giraffe,|Giraffe cafe|Giraffe|Giraff|Giaraffe|Geraffe|Griffin|Girrafe|Giraffe|Girraffe|Giraffe|Giraffe World Kitchen",UK,boparan,
11,Gourmet Burger Kitchen,Gourmet kitchen|Gourmet Burgers|Gourmet burger kitchen|Gourmet Burger King|Gourmet burger company|Gourmet Burger Co|Gourmet Burger|Goumet Burger|Gormet Burger Kitchen|Gorment burger kitchen|GKB|Gbk burger|Gbk|Gbhmnvc|Gbh|Gourmet hand burger|Gourmet Burger Kitchen|Gourmet burger king|Gourmet burger|Gourmet  burger|Gormuet burger kitchen|GDK|Gourmet Burger Kitchen|Gourmet burger|Gbk|Gourmet burgers|Gourmet burger kitchen|Gourmet burger|Gourmet|GBK|Burger kitchen,UK,gbk,
131,Greggs,"Grewgr|Greigs|Gregss|Gregs bakery|Greg's|Gregs|Gregg's|Greggs|Gregg s|Greek|Greegs|Gegs|Cregs|Creggs|Reggs|Grwggs|Griggs|Griegs|Grggs|Greys|Gretna|Grerge|Greigs|Gregss|Gregsd|Greg's takeaway|Greg's baker|Gregs - or other bakers with seating inside|Greg's|Gregs|Gregr|Gregorys|Gregks|Greggsbakery|Greggs. macdonald, fish and chips|Greggs, ipswich|Greggs(lunch|Gregg's!|Greggs the bakers|Greggs cafe|Gregg's Bakery for the odd sandwich|Greggs bakery|Greggs bakers|Gregg's|Greggs|Gregges|Gregge|Greggd|Gregga|Gregg’s|Gregg,s|Gregg s|Gregg|Greepggs|Greeggs|Graggs|Gegges|Geeggs|Fred's|Creggs|Treggs|Grregs|Grieg's|Grieggs|Greys|Greigs|Greiggs|Gregss|Greg's|Gregs|Greggs in petrol station|Greggs cafe|Greggs Bakers|Greģgs|Gregg's|Greggs|Gregggs|Gregges|Greggd|Gregg’s|Gregg|Greges|Grega|Greg’s|Greg|Greeks|Greegs|Greeggs|Greeg|Greags|Gerggs|Creig|Creggs|Cregg",UK,,
209,Gusto,Gusto's|Gustos|Gustoos|Gusto|Marston|Gusto|Curtis|Gusto|Gusto in Alderley Edge|Cafe gusto,UK,,
//185,Handmade burger co.,"The handmadeburger company|Hanmade burger co|Handmade gourmet burger|Handmade burgwrs|Handmade burgers & Co|Handmade Burger. co|Handmade Burger Company|Handmade Burger Co.|Handmade burger co|Handmade burger|Hand made burger company|Hand made burger co.|Hand made burger Co|Hand made burger|Homemade burger co|Handmade Burgers|Handmade Burger Company|Handmade burger|Hand made burger company|Chain e.g. Hand Made Burger, Ask Pizza|Handmade burger co|Handmade burger company",,,
214,Harris & Hoole,,UK,,
132,Harry Ramsden's,Harryramsdon|Harry ransdoms|Harry ramstans|Harry ramsfond|Harry ramsdowns|Harry ramsdons|Harry Ramsdon|Harry Ramsdens|Harry Ramsden's|Harry Ramsden´s|Harry ramsden|Harry ramesdens|Harry Ramdens|Harrry ramsdens|Harry ransedem|Harry ramsdons|Harry Ramsden's|Harry ramsdens|Harry Ramsdends|Harry ramsden|Harry ramsdon|Harry Ramsdens|Harry Ramsden|Harry ramesdons|Harry Ramsdens|Harry Ramsden's Fish And Chips,UK,boparan,
13,Harvester,"The Harvester|Hsrvester|HRvester|Hravester|Heavster|Havster|Havister|Havet|Havesters|Havester|Haverter|Haverster|Havaster|Harwester|Harvster|Harvseter|Harvisters|Harvister|Harvezter|Harvetser|Harveter|Harvests|Harvestr|Harvestor|Harvestet|Harvester's|Harvesters|Harvester,|Harvester Inns|Harvester Inn|Harvester chain|Harvester brevery|Harvester|Harvestee|Harvested|Harveste|Harvest inns|Harvest inn|Harvest er|Harvest|Harvesrer|Harveset|Harveser|Harversters|HArverster|Harveater|Harvasters|Harvaster|Averster|Hsrvester|Heavster|Havister|Haveters|Havesters|Havester|Haverster|Hastervester|Hary ramsdons|Harvster|Harvrster|Harvister|Harvetster|Harveter|Harvestor|Harvestet|Harvesters|Harvesterer|Harvester restaurant's|Harvester pubs|Harvester pub|Harvester mavdonalds|Harvester Chain|Harvester buffet|Harvester|Harvest|Harvesrer|Harvesester|Harverter|Harvaster|Harv ester|Harevester|The harvester.|The Harvester|Herveston|Hearvester|Havsters|Havister|Havester|Havervster|Haverster|Hatvester|Harwester|Harvwster|Harvster|Harvrster|Harvisters|Harvister|Harvistar|Harviser|Harvey's|Harveys|Harveter|Harvestser|Harvestor|Harvestet|Harvester's|Harvesters|Harvesterinns|Harvester Paignton|Harvester llandarcy|Harvester Inns|Harvester inn|Harvester|Harvesteer|Harvestee|Harvested|Harveste|Harvest home|Harvest|Harverster|Harster|Harevster|Harbester|Haevster|Haevesrer|The harvester|The harvest|Harvesters|Harvester|Harvest E8|Harvest",UK,,
134,Honest Burgers,Honest burgers|Honest Burger|Honest|Honest burgers|Honest Burger,UK,,
32,Hungry Horse,The hungry horse|The Hungrey Horse|Paddock (hungry hourse)|Hurry horse|Hurgy horse|Hurgry horse|Hungryhorse|Hungry hprse|Hungry hourse|Hungry horsw|Hungry horseshoe|Hungry horse pubs|Hungry horse - fieldfare|Hungry Horse|Hungry Horese|Hungry horace|Hungrhorse|Hungrey horse|Hungery horse|Hunger horse|Hungary horse|Hungary hoarse|Hugry horse|Hingry horse|Hungryhorse|Hungry Horse|Hubgry horse|The hungry horse|Hungy horse|Hungryhose|Hungryhorse|Hungry hprse|Hungry hourse|Hungry horuse|Hungry Horses|Hungry horse.|Hungry horse pubs|Hungry Horse Pub Restaurants|Hungry horse pub|Hungry horse kings horse|Hungry Horse chain|Hungry Horse (Woolen Mill)|Hungry horse|Hungry Hors|Hungry hore|Hungry horde|Hungry horace|Hungry hirse|Hungrt horse|Hungrey horse|Hungre Hourse|Hungery horse|Hungary Horse|Hundgry horse|Huger hores|Hobey horse|Hobby Horse|HungryHorse Folkestone|Hungry hourse|Hungry hosse|Hungry horse|Hungrey horse|Hungery horse,UK,,
//135,Hungry House,Hungryhouse|Hungry housr|Hungry house|Hungry|Hungrey house|Hunget houes|Hunger house|Hungary hoursr|Mango house|Hungty house|Hungry house|Hungry houre|Hungry horze|Hungry horse.|Hungry horse pub|Hungry hore|Hungry George|Hungry  horse pub|Hungrey horse|Hungeryhouse|Hunger horse|Hungary horse|Curry house|Hungyhouse|Hungryhouse|Hungry houze|Hungry house|Hungrey house|Hubgry House|Hungry house,,,
136,IKEA,Ikea Cafe|Ikea|Local|Ikea|Cream|Ikea Restaurants|Ikea Restaurant|IKEA café|Ikea cafe|Ikea|IKEA Café,UK,,
137,Itsu,Itzu|Itsy|Itsu|It'll|Itchu|Lotus|Itzu|Itsu|Itsu,UK,,
15,Jamie's Italian,Jimmy oliver|Jammies Italian|Jammie italian|Jamies restaurant|Jamie's Place|Jamie's Oliver|Jamie's Kitchen|Jamies kitchen|Jamies itallian|Jamie's Italien|Jamies italien|Jamie's Italians|Jamie's Italian Kitchen|Jamie's Italian|Jamies' Italian|Jamies italian|Jamie's Italia|Jamies Italia|Jamies fifteen|Jamie's|Jamies|Jamieoliver|Jamie’s Restaurant|Jamie’s Oliver|Jamie’s italina|Jamie’s italian|Jamie’s|Jamie´s|Jamie`s|Jamie.s|Jamie 's italian|Jamie Ollivers Kitchen|Jamie Oliver's talian|Jamie Olivers Kitchen|Jamie Oliver's kitchen|Jamie Oliver's Italian|Jamie Oliver's|Jamie olivers|Jamie Oliver’s kitchen|Jamie Oliver’s itialian|Jamie Oliver’s italian|Jamie Oliver’s|Jamie Oliver Kitchen|Jamie Oliver italian|Jamie oliver fifteen|Jamie Oliver 13|Jamie oliver|Jamie italine|Jamie italian|Jamie  Olivers|Jamie|Jamey|James oliver|James Martin Manchester|James kitchen|James italien|James italian|Jame's Italian|Jaimie's italian|Jaimie's|Jaimies|Jaimie olivers|Jaimie oliver|Jaime's Italian|Jaimes Italian|Jaime's|Jaffa|Iamie italian|Jamie's italian|Jamies italian|Jamie's itaikin|Jamie's|Jamies|Jamie’s Italian|Jamie olivers|Jamie oliver restuarant|Jamie Oliver|James itallian|James italian|Jaimes italian|Jamieys Italian|Jamie's italians|Jamie's Italian|Jamies italian|Jamies|Jamie's|Jamie’s Italian|Jamie’s|Jamie olivers|Jamie Oliver|Jamie italian|Jamie|Jameys Italian|James kitchen|Jaies italian|Jamie's Italian|Jamies italian|Jamie's|Jamies|Jamie’s|Jamie.Olivers|Jamie's,UK,jamiesitalian,
//138,Jinn,,,,
139,Joe & The Juice,Joe and the Juice|Joe the juice|Joe and the juice|Joe and juice|Joe & the juice|Joe and The Juice|Joe and The Juice Coffee|Joe & The Juice Coffee,UK,,
//140,John Barras,,,,
190,John Lewis Café,John lewis|John Lewis's|John Lewis restaurant|John Lewis Place to Eat|John Lewis coffee shop|John Lewis Cafe|John Lewis|JjOHN LEWIS|John lewis|John lewiss|John Lewis/Waitrose|John Lewis restaurant|John Lewis place to eat|John Lewis coffee shop|John Lewis Cafe|John Lewis|Joh Lewis|Joes juice (?)|Joe's cafe|John Lewis,UK,,
141,Just Eat,Justeat|Just Eat|Just-eat|Justeat|Just eat|Justeat|Just eat|JustEat|Just eat,UK,justeat,
142,KFC,Kfx|Kfs|KFG|Kfcc|KFC’s|KFC (Kentucky fried chicken)|Kfc|Kf|Kentuky|Kentucy fried chicken|Kentuckyv Fried Chicken|Kentucky fried chicken.|Kentucky Fried Chicken|Kentucky|Kentuckey|Kentuck fried chicken|Kennucky fried chicken|K.f.c.|K.f.c|K f c|PFC|Maccs|M&co|Lucia|Kfx|KFS|KFK|KFG|Kfcwetherspoons|KFC’s|KFC (When they are open)|KFC|Kentuky|Kentucy chicken|Kentucy|Kentucky's|Kentucky Fried Chicken|Kentucky fried chickem|Kentucky fried|Kentucky chicken|Kentucky  fried chicken|Kentucky|Kcf|K.f.c.|K.f.c|K f c|Cyctc|Cvbcb|Kfxc|Kfs|Kfc.|KFC|Ketucky|Kentucky fry|Kentucky fried chicken|Kentucky Fried|Kentucky|K.f.c|Kfs|Kfc|Kentuky frie chiken|Kentucky's fried chicken|Kentucky fried chicken|Kentucky chicken|Kentucky|K f c|Kentucky Fried Chicken,UK|US,,
//17,La Tasca,Le tasca|Latasca|Last tasca|La Taska|La Tasha|La tasca's|La tascas|La tasca’a|La tasca|A tasca portuguese resturant|:La tasca|La Tosca|La Tasca|La Tasco|La tasca|La Tasca,,,
64,Las Iguanas,Lots iguana|Los iguanos|Los Iguanas|Los Igaunas|Llos iguanos|Last Iguanas|Lasaguanas|Las Laguna|Las Iquanas|Las inguens|Las igunas|Las iguinas|Las iguanus|Las iguanias|Las Iguanas|Las iguana|Las igaunaus|Las Igaunas|Las guanas|Las eguanas|Iguanas|Iguana|Iguama|Les iguanas|Las iguanos|Las Iguanes|Las iguanas|Las Iguana|Las guanas|Lad iguanas|La Iguanas|Las iguanas,UK,lasiguanas,
62,Le Pain Quotidien,Le pain quotidien|Le Pain Quotidien|Le Pain Quotidian|Au pain quotidien|Le Pain Quotidien,UK,lpq,
143,Leon,Leons|Léon|Leon|Lunya|Lunch|Loool|Look|Logans|Leon Restaurants|Leon|Leon,UK,,
198,Little Chef,The Little Chef|Little chief|Little cheff|Little chef|Little chef|Little Chef,UK,,
144,Lloyds No.1 Bar,LLoyds No1|Lloyds No 1 Bar|Lloyds No 1|Lloyds|Lloyds weatherspoons|Lloyds no1|Lloyds n01|Lloyds bar|Lloyd’s pub|Lyollds No1|Loyjds|Loydz bar|Loyds bar|Loyds|Llyods bar|Llyods|Lloys|Lloydsbar|Lloyds one bar|Lloyds number one|Lloyds number 1|Lloyds no10|Lloyds no1|Lloyds no.1|Lloyds no. one|Lloyds No. 1 bar|Lloyds no. 1|Lloyds No 1 - The Wicket Gate|Lloyds' No 1|Lloyd's no 1|Lloyds no 1|Lloyds n01|Lloyds kitchen|Lloyds bars|Lloyd's bar|Lloyds bar|Lloyds all bar 1|Lloyds 1|Lloyd's|Lloyds|Lloyd’s Bar|Lloyd’s|Lloyd bar|Llloyds No 1|Lloyds Number 1 bar|Lloyds no.1 bar|Lloyds no.1|Lloyds bar|Lloyds|Lloyds,UK,,
18,Loch Fyne,Lockfyne|Lock Fynn|Lock fyne|Lock fine|Lochy|Lochfynes|Lochfyne|Loch fynne|Loch fynn|Loch Fyne`|Loch fyne restaurant|Loch Fyne|Loch fyn|Loch ftne|Loch fine|Loch Fin|Loch Fiene|Loch and Fynd|Loch & Fyne|Loch fynn|Loch fyne|Loche fyn|Loch fynne|Loch fyne|Loch fayne,UK,,
66,Loungers,Loungers|Lunches|Luigis|Loungers|Lounge bar|Lounge|Loofers|Longvf|Londis|Lounges|Loungers|Loungers,UK,,
187,M&S Café,"Marks spencer|Marks annd spencer|Marks and Spencer's cafe|Marks and Spencer's|Marks and Spencers|Marks and Spencer Cafe|Marks and Spencer|Marks & Spencers|Marks & Spencer|Marks & Spemcer|Marks|M&S Cafeteria|M&S cafe|M&S|M&M|M and S Cafe|M and S|M and d|M &s|M & S Cafe|M & s|Marks@Spencer cafe|Marks&Spencer Cafe|Marks and Spensers Cafe|Marks and Spencers Cafe|Marks and Spencer's cafe|Marks and Spencer’s cafe|Marks and spencer cafe|Mark's and Spencer|Marks & Spencers Cafe, various|Marks & Spencer's cafe|Marks & spencers cafe|Marks & Spencer Restaurant|Marks & Spencer Cafe|M+S Cafe|M/s cafe|M/s|M&SCafe|M&S Simply Food|M&S Revive|M&S food|M&S coffee shop|M&S coffee Bar|M&S cage|M&s cafw|M&S cafe or takeaway|M&S Cafè|M&S café|M&S cafe|M&s at bp fuel station|M&S|M&P|M& s|M s|M and s sandwhich|M and s food|M and s cafe|M &s|M & s simple food|M & S Revive|M & S Cafe revive|M & s cafe|M & s|Cafe in Marks and Spencer|MS|Merks spencer|McCafé|Matks abd spencers|Marksand spencer|Marks. And Spencer|Marks&spencers|Marks&spencer|Marks spensers|Marks spencers cafe|Marks spencers|Marks Spencer|Marks n soencer|Marks Answere spencer's|Marks and spensers|Marks and Spenser|Marks and spencet|Marks and spences|Marks and Spencer's cafe Revive|Marks and Spencer's Café|Marks and Spencer's cafe|Marks and Spencers cafe|Marks and Spencer's|Marks and Spencers|Marks and Spencer’s cafe|Marks and Spencer’s|Marks and spencer in store diner|Marks and spencer cafe|Marks and Spencer  cafe|Mark's and Spencer|Marks and spencer|Marks and spence|Marks and soencer|Marks an Spencer's|Marks amd spencers|Marks &spencers|Marks &Spencer|Marks & Spences|Marks & Spencers Cafe|Marks & Spencer's cafe|Marks & Spencer's|Marks & spencers|Marks & Spencer’s|Marks & Spencer coffee shop|MARKS & sPENCER cAFE|Marks & Spencer|Marks & Sparks|Marks  and spencer|Marks|Mark spencer|Mark and Spencers/Debenhams I think have cafe's too|Mark and spencers|Mark and Spencer|Mark & Spencee|Marcos and Spencer's|Mands|Mand S|M+s cafe|M+S|M@S|M/S|M&s simply food|M&S Revive|M&S Northallerton Simply Food|M&S food court|M&S food|M&s coffee shop|M&S Cafe Revive|M&S café|M&S Cafe|M&S|M& s|M x s|M s cafe|M n s|M and s revive cafe|M and S revive|M and s cafe|M and s|M &s|M & SCafe|M & S Simply Food|M & S Cafe Revive|M & S Cafe|M & s|M & cafe|M &  s|M &  Revive|Cafe Revive (Marks & Spencer)|Cafe revive|Mark and Spencer|Mark and Spencer Café|M & S",UK,,
145,McDonald's,"Nmcdonalds|Nd donalds|My donalds|MxDonalds|Mvdonalds|Mv Donalds|MkDonalds|Mecdonalds|Mds|Mdonalds|Mdonald|Mdconalds|Md|Mcsonalds|Mcodnas|Mcds|McDpnalds|Mcdopnalds|Mcdoonslds|Mcdonslds|Mcdonolds|Mcdonnolds|Mcdonnels|Mcdonnells|McDonnals|Mcdonnalds|Mcdonlds|Mcdonlads|Mcdondals|Mcdondalds|McDondald|Mcdonalss|Mcdonals|Mcdonally|McDonaldss|Mcdonaldsjb|McDonalds?|Mcdonalds.co.uk|McDonalds.|McDonald's|Mc'donalds|Mcdonalds|McDonaldds|Mcdonalda|McDonald’s|McDonald´s|McDonald 's|Mcdonald s|McDonald|McDonalads|Mcdonal|McDonakds|Mcdonads|Mcdonadls|Mcdolds|Mcdolands|Mcdolalds|Mcdoanls|Mcdoanlds|McDo|Mcdnalds|Mcdionalds|Mcdees|Mcdaugalls|Mcdanalds|Mcdan|Mccdonds|Mccdonalds|Mcc donalds|Mcburger|Mc ds|Mc Donnells|Mc donnals|Mc Donnalds|Mc donlad|Mc dondals|Mc donands|Mc donals|Mc Donald's|Mc donalds|Mc donald'd|Mc Donalda|Mc Donald’s|Mc donald´s|MC donald s|Mc donald|Mc donal|Mc dom|Mc dolands|MC Doanlds|Mc d|Mc  donalds|Mc  d|MC|Magdonald|Madonalds|Macs|Macodonalds|Macodnals|Macies|Macdounalds|Macdougalls|Macdonold|Macdonnlds|Macdonnals|Macdonnalds|Macdonly|Macdonlds|Macdonlads|Macdondlad|Macdonals|Macdonaldss|Macdonald's|Macdonalds|Macdonaldos|MacDonald’s|MacDonald s|MacDonald Costa|Macdonald|Macdonal|Macdonad's|Macdonads|Macdonadls|Macdona;d|Macdolands|Macdobalds|Macdoalds|Macdo9nalds|Macdinalds|Macd|Maccys|Maccy d's|Macciesvf v v|Maccies|Maccers|Maccdonalds|Maccays|Macaroni|Mac n Cheese|Mac donlands|Mac donlads|Mac Donald's|Mac Donalds|Mac Donald’s|Mac donald|Mac dolana|Mac d|Mac|Ma Donalds|Kc Donald's|. MacDonald|Nacdonalds|My Donald's|My donalds|MvDonalds|MvcDonalds|MsDonalds|Ms donald|Mndonalds|MMcDonalds|Mg Donalds|Mg donald|Mdonalds|Mdconalds|Mcsonald|Mconalds|Mcodnalds|McKees|Mckdonalds|McGonalds|Mcfonalds|Mcewes|Mcdz|Mcdy|McD's|Mcds|McDounulds|Mcdou|McDoonalds|Mcdonz|Mcdonwlds|Mcdonslfs|Mcdonslds|Mcdons|Mcdonolds|McDonnell's|Mcdonnals|McDonnalds|Mcdonnald|Mcdonlnad|Mcdonleds|Mcdonlds|Mcdonld|Mcdonlands|Mcdonlads|Mcdonlad|Mcdonels|Mcdonells|Mcdondals|Mcdondalds|Mcdonanlds|Mcdonanld|Mcdonalts|McDonals's|Mcdonalsd|Mcdonalsa|Mcdonals|Mcdonalnds|Mcdonallds|Mcdonalgds|Mcdonales|McDonaldsWhetherspoons|McDonald'sSuper|Mcdonaldss|Mcdonaldsq|Mcdonaldso|Mcdonalds`|Mcdonalds/kfc|Mcdonalds.co.uk|Mcdonalds.|Mcdonalds,kfc,brewers fayre|McDonalds,|McDonald's Restaurant|McDonald's burger king|McDonald's bakery cafe|Mcdonalds / Burger king|McDonald's .|Mc'donalds|McDonald's|McDonalds'|Mcdonalds|Mcdonaldas|Mcdonalda|McDonald’s|McDonald´s|McDonald s|Mcdonald|McDonal|Mcdonads|Mcdonadls|Mcdonadles|Mcdonaalds|Mcdona|Mcdomalds|Mcdolds|Mcdolands|Mcdoland|Mcdolalds|Mcdobalds|Mcdoanlds|Mcdoanld|Mcdoanalds|Mcdoanald|Mcdoalds|Mcdo alds|McDo|Mcdnlds|McDnalds|Mcdinalds9|Mcdinalds|McDees|Mcdeea|Mcdaonalds|Mcd9nals|McD|Mccy|Mccdonalds|Mccdolands|Mccdinalds|Mcccdonalds|Mcaondls|Mcadonalds|Mcabes|Mc.donalds|Mc.d|Mc,donald|Mc ds|Mc d's|MC download|Mc donslds|Mc dononld|MC donolds|Mc donnals burger king|Mc donnalds|Mc donlsfs|Mc donlads|Mc donels|Mc donelds|Mc donals|Mc donal's|Mc donallds|Mc donaldsb|Mc donalds(breakfast).|Mc Donald's|Mc Donalds|Mc Donalda|Mc Donald’s|Mc donald|Mc donal|Mc dona;lds|Mc don|Mc dolad|Mc doanlds|Mc dknalds|Mc d`s|MC 'd|Mc d|Mbdonalds|Maxdonalds|Mancdonalds|Madonalds|Madonalda|MadDonalds|Macsdonalds|Maconalds|MackeyDs|Mackdonal|Mack Donald|Macfonalds|Macdpnalds|Macdoonalds|Macdonslds|Macdonolds|Macdonnolds|MacDonnalds|Macdonls|Macdonlds|Macdonld|Macdonlads|Macdonels|MacDondalds|Macdondads|Macdonanlds|Macdonalse|Macdonalsd|Macdonals|Macdonall|Macdonalfs|MacDonalds, various locations|Macdonald's​|MacDonald's|Macdonalds|Macdonaldds|Macdonalda|MacDonald’s|MacDonald,s|MacDonald 's|Macdonald s|Macdonald|Macdonalads|Macdonal;ds|Macdonal|Macdonads|Macdolds|Macdolands|Macdnalds|MacDinalds|Macdinaldd|Maccys|Maccyds|Maccy D|Maccies|Maccdonalds|Mac Donolds|Mac Donnalds|Mac Donald's|Mac donalds|Mac Donald’s|Mac donald|Mac dolalds|Mac  donalds|Ma Donald's|Ma Donald’s|Ma Donald|`mcdonalds|.mcdonalds|Ncdonalds|Nc donalds|Msdonalds|Mocdonalds|Mdonalds|Mcodnalds|Mcodnald|Mcd's|Mcds|Mcdows|Mcdoonalds|McDonolds|Mcdonoalds|Mcdonnells|McDonnell|Mcdonnals|Mcdonnalds|Mcdonlds|Mcdonlads|Mcdonelds|Mcdonds|Mcdondals|McDonaulds|Mcdonard|Mcdonaolds|McDonanlds|Mcdonalts|Mcdonals mcafe|Mcdonals|Mcdonalls|McDonalds,,|McDonald's tea is brilliant|McDonalds McCafe|McDonald's cafe|Mcdonalds cafe|McDonalds (to an extent)|Mc'Donalds|McDonald's|McDonalds|McDonald’s|Mcdonald s|Mcdonald breakfast|Mcdonald|Mcdonads|Mcdona;lds|Mcdolands|Mcdodonalds|Mcdodlods|Mcdobalds|McDoanlds|Mcdoan;lds|Mcdinalds|McD0nalds|Mcd|Mccolls|Mccdonalds|McCartneys|McCafe|Mcafe|Mc.donalds|Mc,donolds|Mc McDonalds|Mc McDonald s|Mc ds|Mc donolds|Mc donnals|Mc donnalds|Mc donles|Mc donlads|Mc Donanlds|Mc donals|Mc Donald's (Toffee Latte)|Mc Donald's|Mc donalds|Mc Donald’s|Mc Donald tea|Mc Donald|Mc donalads|Mc donal|Mc donaids|Mc dodled|Mc do|Mc dees|Mc d|Mc coils|Mc cafe|Mc|Maldonald|Madness|Macs|Maconalds|Mackdonald|Mack Donald's|Macfonalds|Macds|Macdonslds|Macdonnells|Macdonnalds|Macdonly's|Macdonlds|Macdonldes|Macdonlads|Macdonlad|Macdonelds|Macdondly|Macdonals|Macdonalls|MacDonald's!|Macdonald's|Macdonalds|MacDonald’s|MacDonald s|Macdonald' s|MacDonald|MacDonakds|Macdonads|Macdolnalds|Macdoland|Macdo|Macdnoalds|Macdinalds|Macd|Maccy d|Maccy|Maccies|Macchiato|Maccds|Maccdonald|Mac Ds|Mac donals|Mac Donald's|Mac donalds|Mac Donald’s|Mac Donald|M cdonalds",UK|US,,
204,Meat Liquor,MEATliquor|Meatliqour|Meatcure|Meat wine and co|Meat liquor|Meat liqueur|Meat Liquer|Meat Liqour|Meat liquor|MeatLiquor|Meat Market|MeatMarket|MEAT mission|MEATmission,UK,,
57,Miller & Carter,Muller and carter|Millers and carters|Millers and carter|Millers & Carters|Miller&Carter|Miller Carter|Miller andcarter|Miller and Caters|Miller and Cartier|Miller and Cartet|Miller and Carter's|Miller and Carters|Miller and Carter Steakhouse|Miller and carter|Miller and carted|Miller and butler|Miller &carter|Miller & carters|Miller & Carter Steakhouse|Miller & carter|Miller & Barton|Miller &  Carter|Millar and carter|Mill & carter|Carter and miller|Carter & miller|Miller&carter|Miller n carter|Miller carter|Miller and carter|Miller & Carter|Miler & Carter|Millie & carter|Millers Steakhouse|Millers arms|Millers and Carters|Millers|Miller&carter|Miller& Carter|Miller steak house|Miller andcarter|Miller and cater|Miller and cartwer|Miller and carters|Miller and Carter|Miller an carter|Miller &carter|Miller & Carter|Miller & Carer|Miler&carter|Carter and miller|Millers|Miller and Carters|Miller and carter|Miller & carter|Miller and Carter,UK,,
//146,Millie's Cookies,Millie's Cookies|Millies Cookies|Millie's cookies|Millies cafe|Millies|Millie’s Cookies|Millie cookies,,,
193,MOD Pizza,Mod pizza|Mod|Mod pizza|Mod Pizza|MOD,UK|US,,
147,Morrisons Café,Morrisions Cafe|Morrsison cafe|Morrissons cafe|Morrisson's cafe|Morrisons Supermarket cafe|Morrisons restaurant|Morrison's coffee shop|Morrison's café|Morrisons Café|Morrison's cafe|Morrisons' cafe|Morrisons cafe|Morrison’s cafe|Morrison coffe|Morrison cafe|Morrisions cafe|Morrinsons cafe|Morissons cafe|Morisons Cafe|Mortisons|Morrsons cafe|Morrson|Morrrisons|Morroisons|Morrissons cafe|Morrissons|Morrisson|Morrisonss|Morrisons Supermarket Cafe|Morrisons restaurant|Morrisons coffee shop|Morrison's coffee bar|Morrisons caffee|Morrisons cafeteria|Morrisons cafes|Morrison's café|Morrison's Cafe|Morrisons Cafe|Morrison's|Morrisons|Morrisond|Morrison’s cafe|Morrison’s|Morrison`s|Morrison food stores|Morrison cafe|Morrison|Morrisions|Morrisins|Morrirons|Morriosons|Morrions cafe|Morissons cafe|Morissons|Morisons|Morrisons,UK,,
19,Nando's,"Nsndos|Nondos|Nnados|Nanos|Nanoes|Nanndos|Nanfos|Nandps]]os|Nandoz|Nandosp|Nando'sp|Nandos,|Nandos s|Nando's restaurant|Nando-s|Nando's|Nandos'|Nandos|Nando''s|Nandoos|Nandooes|Nandoo|Nandons|Nandoes|Nandod|Nando¬s|Nando’s.s|Nando’s|Nando´s|Nando`s|Nando\s|Nando;s|Nando,s|Nando|Nandis|Nandio|Nandi|Nandeos|Nandeo|Nandaos|Nanda|Nanados|Nan do|Namdos|Naldo|Nadtoes|Nado's|Nados|Ninos|Nindys|Nindos|Nantos|Nanos|Nanndos|Nanglo|Nands|Nandoz|Nandos|Nando's|Nandooz|Nandoos|Nandon|Nandoes|Nandoa|Nando’s|Nando´s|Nando`s|Nando s|Nando|Nandis|Nandeos|Nandeo|NAnados|Nanadoes|Nadous|Nado's|Nados|Nadoes|Marios|Mangoes|MandS|Macd's|Macds|Macdo|M and s|Lynn's|Lucano's|Frank's|Frangos|Francos|Nando's|Nandos|Nandoos|Nandoo's|Nandoes|Nando’s|Nando 's|Nando s|Nando|Nandis|Nanados|Nados|Nadoes|Nado|Mandos|Anados|Nanos|Nandus|Nandos|Nando's|Nandoos|Nandoes|Nando’s|Nando|Nandano|Nambo|Nadoes",UK,nandos,
148,Nicholson's,Nicholsons|Nicholson,UK,,
149,Old English Inns,Old english inns|Old English Inns|Olde English|Old english inns|Old english,UK,,
150,Oneill's,O'niels|Oneils|O'Neil's|O'neils|O'Neills|Oneills|O'neals|Oneals|One Plus|O neils|O neills|Oniles|Oniells|O'Neils|O'neil's|Oneils|O'Neills|Oneills|O'neill|O’Neils|O’Neill’s|O Niel’s|O'niels|Oniels|O'niell's|Oniells|O'niells|O'neils|Oneils|O'neil's|O'Neill's Liverpool|O'Neill's|O'Neills|ONeills|O-neills|Oneill's|O'Neill`s|O'Neill s|O'Neill|O'Neil|Oneil|O'Neals|Oneals|O'Nealls|O’niels|O’neils|O’Neills|O’Neill’s|O’neill|O’Neil’s|O’Neil|O´neils|O`nell|O`Neills|O;Neills|O.Neils|O reilys|O niels|O niells|O Neil's|O Neils|O neills|O' neills|O neill's|O neill|O neals|Oniels|O'neils|O'Neill pub|O'Neill|O’neals|O neils|Oneill's Pub,UK,,
151,Papa John's,Pappas johns|Pappa johns|Papajohns|Papa Jonhes|Papa jones|Papa john's pizza|Papa johns pizza|Papa johns|Papa John's|Papa John|Papa joeys|Papa Joes|Papa jhons|Papa jhon|Papa gonnes|Papa browns|Papa  johns|Pap john|Puppa johns|Pappas John|Pappa johns|Papajohns|Papa jons|Papa Jonhs|Papa jones pizzeria|Papa jones|Papa John'so Pizza|Papá johns pizzería|Papa johns pizza|Papa John's|Papa johns|Papa John’s|Papa John|Papa joes|Papa jihns|Papa jhons|Papa jews|Papa g|Papa John's|Papa johns|Papa john|Papa jhons|Peppa johns|Pappa johns|Papa Jon’s|Papa John's|Papa johns|Papa joes|Papa John's Pizza,UK|US,,
152,Patisserie Valerie,Pâtisserie valerie|Patisserie Valerie|Valeries Patisserie|Valeries pastisery|Valeries passterie|Valerie Patisserie|Valerie pastrie|Valeria Patesserie|Pattisrie valerie|Pattiserie Valerie|Pattisarie valerie|Pattererie valerie|Patissirie valerie|Patissiere Valerie|Patissiere valereie|Patisserie Valerie|Patisserie Valeria|Patisserie Valarie|Patissere Valerie|Patiserie valerie|Pateserie valerie|Patasserie valerie|Valli's|Valleries|Valeries Pattisserie|Valerie's patissiere|Valeries patessirie|Valeries|Valerie pattiserie|Valerie patisserie|Valerie patiserrie|Valerie Patesserie|Valerie pasterie|Valerie|Valeria oatissare|Valarie pattiserie|Pattisserie valerie|Pattisiere Valerie|Pattiserri|Pattiserie Valerie|Pattiserie valeria|Pattiserie Valarie|Pattiseree Valerie|Pattisere Valorie|Pattisarie valerie|Patterise Valerie|Patissrie valerie|Patissierie valerie|Patisserir Valerie|Patisserie Vlerie|Patisserie Valery|Patisserie valerri|Patisserie valeries|Pâtisserie valerie|Patisserie Valerie|Patisserie Valeria|Patisserie Valarie|Patisserie Francais|Patisserie  valerie|Patisserie  Valarie|Patisserie|Patissere valerie|PatiserrieValerie|Patiserrie Valerie|Patiserrie|Patiserie Valerie|Patiser valerie|Patisarie valarie|Patesserie Valerie|Patesserie|Pateserie valerie|Paterissie Valerie|Pat val|La Valerie|La patesserie valerie,UK,,
153,Paul,Paul|Paul's|Pauls|Paul|Paul|Pauls Cafe|Paul's bakery|Pauls|Paul Rhodes|Paul cafe|Paul,UK,,
154,Pho,Pho|Pho|Poo|Pho|Pho,UK,,
210,Piccolino,Picollo pizza|Picollinos|Picollino|Picolinos|Picolino|Piccolos|Piccolono|Piccolo mondo|Piccolo|Piccolinos|Piccolino's|Piccolinoes|Piccolino|Piccolinios|Picciolionos|Piccallo pizza|Piccalinos|Picalino's|Picollino|Piccolinos|Piccolino|Piccolo|Piccolino's|Piccolinos|Piccolino|Piccalino|Niccol's|Picolinos|Piccolino's,UK,,
50,Ping Pong,PingPong|Ping pong|PingPong|Ping Pong,UK,,
155,Pitcher & Piano,Pitcher and piano|Pitcher & Piano|Pitch and piano|Pitcher and Piano,UK,,
21,Pizza Express,Puzza express|Pizze express|PizzaXpress|Pizzaexsperss|Pizzaexpress|PizzaExpres|Pizza xpress|Pizza ezpress|Pizza exspress|Pizza exress|Pizza Expresss|Pizza expression|Pizza Express|Pizz'a express|Pizza expresd|Pizza expres|Pizza expree|Pizza expess|Pizza Experess|Pizza expeess|Pizza exoress|Pizza espress|Pizza epress|Pizza  express|Pizz hut|Pizz express|PizA express|Pixxa express|Pitza express|Pittza express|Pittiz express|Izza express|`pizza Express|Pizzza Express|PizzaExpress|Pizza xpress|Pizza ezpress|Pizza extremo|Pizza exspres|Pizza exress|Pizza expresss|Pizza expresso|Pizza express|Pizza expres|Pizza expreds|Pizza expeess|Pizza  express|Pizz Expres|Piza express|Pitza express|Petsa Express|Pizzaexpress i love this place the service is absolutely significant the waitress and the food is great for a saturday night out with the colleagues|Pizza Express,UK,pizzaexpress,
156,Pizza Hut Delivery,,UK|US,pizzahut,
202,Pizza Pilgrims,,UK,,
22,Pizza Hut Restaurants,"Pzza hut|Pozza hut|Pizzhut|Pizze hut|Pizza-hut|Pizzahut|Pizzahot|Pizzahat|Pizzae Hut|Pizza,hut|Pizza ut|Pizza huy|Pizza hutt|Pizza hutp|Pizza hutc|Pizza hut restaurant|Piźza hut|Pizza hut|Pizza hurt|Pizza Hur|Pizza hot|Pizza hit|Pizza  hut|Pizahut|Piza Hut|Pitza hut|Pittzahut|Piizza hut|Piiza Hut|Piazza hut|Piazza|Petsa hut|P:izza Hut|Pizzhut|Pizzahutt|Pizzahut|Pizzahot|Pizzahat|Pizzabhut|Pizza hutt|Pizza huts|Pizza Hut resturant|Pizza Hut express|Pizza hut|Pizza hurt|Pizza hunt|Pizza hug|Pizza hot|Pizza Hit|Pizza Hat|Pizza gut|Pizza  hut|Piza Hutt|Piza hut|Pitza hut|Pissa hut|Pizza hutt7|Pizza Hut",UK|US,pizzahut,
157,Pod,Pod|Pod|M.ds|Ludo|Loyds|Lows|Love|London|Lodon|Cvjdz|POD,UK,,
158,Pret A Manger,"Prret a mange|Prey a manger|Preto|Prete manger|Pretde Manga|Pret-a-manger|Pretamanger|Preta manger|Preta mange|Pret manger|Pret manager|Pret mamger|Pret a manget|Prêt A Manger|Pret a Manger|Pret a mange|Pret a manager|Pret|Pter a mange|Prt a manger|Prey a manger|Prey a manager|Pretts|Pretta|Prett Mange|Prett manager|Prett a manger|Prett a manager|Prett|Prets|Pretmanager|Prete Mange|Prete a manger|Pret-a-manger|Pretamanger|Pretamange|Pretamanager|Pret-a-manager|Pret'a manger|Preta manger|Preta mange|Preta manga|Pret-a-|Pret mangers|Pret Manger|Pret Mange|Pret manager|Pret magner|Pret le manger|Pret le mage|Pret et manger|Pret e manger|Pret de manger|Pret de mange|Pret au Manage|Pret amanger|Pret amange|Pret a porter|Pret a monge|Pret a mnager|Pret a mengee|Pret a menager|Pret a manjer|Pret A Mangler|Pret a manget|Pret A Manger’s|Prêt à manger|Prêt á manger|Prêt a manger|Pret à Manger|Pret á Manger|Pret a Manger|Prèt a Mange|Pret a mange|Pret a manga|Pret a mang|Prêt a Manager|Pret a manager|Pret a mager|Pret a Mabger|Pret a amnger|Pret a  manger|Pret & Manger|Pret  a Manger|Prêt|Pret|Prer a mange|Pref a manger|Preet|Pre a marge|Pratz|Prat a manger|Petit manger|Pete a manger|Pet a manger|Prez manger|Pretty a manger|Pret a mangr|Pret a manger|Pret a mange|Pret a manager|Pret|Prey the manager|Prey ta manger|Prey manger|Prey a manger|Prey a manager|Pretz|Pretty a manger|Pretts|Prett Manger|Prett a manger|Prett|Prets|Preto|Pretmanger|Pretmanager|Preter manger|Pretend manger|Prete mange|Prete a manger|Pretaporta|Pret-a-manger|Pretamanger|Pretamange|Pretamanager|Preta manger|Preta mange|Preta Manga|Preta|Pret o manager|Pręt Manger|Pret manger|Pret mange|Pret mang|Pret manager|Pret Manage|Pret le manger|Pret le manager|Pret la manger|Pret et manger|Pret e manger|Pret de manger|Pret de mange|Pret Au manger|Pret aporter|Pret and manger|Pret amanger|Pret aanger|Pret a. Manger|Pret a monger|Pret a monge|Pret A Menger|Pret a Mangier|Pret a Mangie|Prêt à manger|Prêt á manger|Prêt a manger|Pret a Manger|Prêt a mange|Pret a Mange|Prêt a manager|Pret a manager|Pret a Manage|Pret a maget|Pret a mager|Prêt a  manger|Pret a  Manger|Pret a  manager|Pret a    manger,|Pret a|Pret  a Manger|Pret  a mange|Pret  a manager|Pret|Prer a manager|Pre t a manger|Pre a manger|Pre a mangee|Prat|Peit mange|Peer a mange|Le pret manger|Pret",UK,,
23,Prezzo,Przezo|Prizzis|Prezzzo|Prezzy|Prezzxi|Prezzp|Prezzo's|Prezzos|Prezzo’s|Prezzo|Prezzio|Prezzil|Prezzi|Prezzer|Prezza|Prezos|Prezo|Pretzo|Preszzo|Prestos|Presto|Pressos|Presso|Preso|Pregoes|Prego|Preggo|Preezos|Pezzo|Prizzo|Prezzzo|Prezzo's|Prezzos|Prezzo|Prezze|Prezxo|Prezo|Pretzo|Perzzo|Prezzos|Prezzo|Prezi|Presto|Presso|Preso,UK,prezzo,
211,Revolution,Revolution|Revolution|Vodka revs|Vodka Revolutions|Vodka revolution|Vodka rev|Revulation|Revoultion|Revolutions|Revolution vodka bar|Revolution design cuba|Revolution Bars|Revolution bar|Revolution ( and de cuba)|Revolution|Revolucion|Revoloution|Revilution|Revelution|Reveloution|Revaluations|Revaluation bar|Revaluation|Revaloution|Revalotion|Revalator|Relevoution|Revolution|Coffee revolution,UK,,
192,Roosters Piri Piri,Rooster's Piri Piri|Roosters Piri Piri|Roosters|Roosters piri piri|Roosters Peri peri|Roosters|Roasters|Piri piri|Roosters,UK,,
159,Sainsburys Café,"Sainsbury's Cafe|Sainsburys cafe|Sainsbury's|Sainsbury’s|Sainsbury cafe|Sainsbury|Sainsberrys|Sailmaker|Saibsbur ys|Saintsbury's cafe|Sainsburys resturant|Sainsbury's restaurant|Sainsburys local|Sainsbury's café|Sainsbury's cafe|Sainsburys cafe|Sainsbury’s I store cafe|Sainsbury’s cafe|Sainsbury cafe|Sainsburghs cafe|Sainbury's Cafe|Sain sburys cafe|Saisburys Cafe|Sainsbury's cafe|Sainsburys cafe|Sainsbury’s cafe|Sainsbury|Sinsbury|Saynbury|Sansburrys|Salisbury cafe|Saisbury|Saintsbury's|Saintsbury|Saints of mokha (independent)|Sainsurys cafe|Sainsbyrys|Sainsbyris|Sainsbury's Petrol Station|Sainsburys costa|Sainsburys coffee shop|Sainsburys Café|Sainsbury's café|Sainsbury's Cafe|Sainsburys cafe|Sainsburys Bretton|Sainsburys and s|Sainsbury's|Sainsbury’s coffee shop|Sainsbury’s coffe shop|Sainsbury’s cafe|Sainsbury’s|Sainsbury coffe|Sainsbury cafe|Sainsbury|Sainsburrys|Sainsburry|Sainburys|Restaurant in Sainsbury's, Morrisons|Sainsburys",UK,,
160,Shake Shack,Shakeshack|Shake shock|Shake Shack|Shakeshack|Shake Shack|The shack|Shake Shack|Shake Shack,UK,,
//161,Shakeaway,Shakeway|ShakeAway|Shake away,,,
35,Sizzling Pubs,"Slizzing pubs|Sizzling steaks|Sizzling steak|Sizzling pubs|Sizzling pub|Sizzling plate|Sizzling inns|Sizzling Grill|Sizzling|Sizzlers|Sizzler pubs|Sizzler pub|Sizzler|Sizzle pubs|Sizzle|Sizzeling steak|Sizzall|Sizzaling|Sizling|Siziling|Sizzling pubs|Sizzling plate|Sizzling inns|Sizzling|Sizzlers pub|Sizzler pubs|Sizzler pub|Sizzler|Sizzle pubs|Zizzling pubs|The sizzler|Sizzling,|Sizzling steaks|Sizzling Steak|Sizzling staek|Sizzling pups|Sizzling pubs|Sizzling Pub Restaurants|Sizzling pub|Sizzling inns|Sizzling Inn|Sizzling grills|Sizzling grill|Sizzling frill|Sizzling bars (our local is called the Village)|Sizzling bar|Sizzling|Sizzles|Sizzlers|Sizzler pubs|Sizzler pub|Sizzler|Sizzle Pubs|Sizzle Pub|Sizzle|Sizzing|Sizzilng Pubs|Sizziling Pubs|Sizzerlers|Sizzer|Sizzeling|Sizling pubs|Sizling|Sisiling pubs|Sizzling pubs|Sizzling pub|Sizzling|Sizzlers cafe|Sizzlers|Sizzler|Sizling Pubs",UK,,
162,Slug & Lettuce,The Slug and Lettuce|Slug& Lettuce|Slug n lettuce|Slug letules|Slug lettuce|Slug and lttuse|Slug and letuce|Slug and Letucce|Slug and lettue|Slug and lettuce|Slug and Lettiuce|Slug and lettice|Slug and lettace|Slug and letce|Slug &lettuce|Slug & lettuce|Slug & Lettice|Slug|Slug and Lettuce|Slug and lettce|Slug amd letuce|Slug & lettuce|Slug & lettice|Slug|The slug and lettuce|The Slug|Sug and lettuce|Source and lettuce|Slugs &lettuce|Slugh and lettuce|Slugand lettuce|Slug@Lettuce|Slug&lettuce|Slug snd lettuce|Slug nd lettuce|Slug n lettuce|Slug n grub|Slug lettuce|Slug anf lettuce|Slug andblettuce|Slug and snail|Slug and Luettice|Slug and Letus|Slug and letuice|Slug and letuce|Slug and lettuse|Slug and Lettuice|Slug and lettues|Slug and lettue|Slug and lettuce|Slug and lettuc e|Slug and lettuace|Slug and letttuce|Slug and letticue|Slug and Lettice|Slug and Letteuce|Slug and lettecr|Slug and lettece|Slug and lettce|Slug and lettace|Slug and leattuce|Slug and leatce|Slug an lettuce|Slug an dlettuce|Slug + Lettuce|Slug /lettuce|Slug &lettuce|Slug & lettus|Slug & Lettuice|Slug & Lettuec|Slug & Lettuce|Slug & Lettice|Slug & lettace|Slug  lettuce|Slug  and Lettuce|Slug|Slig and lettuce|Slig & lettuce|Slg and lettuce|Slag and lettuce|Slag & Lettice|Lug and lettuce|Lettuce and slug|Lettuce|Slug and lettuce|Slag and lettuce|Slug and Lettuce,UK,,
191,Smashburger,Smashburger|Smash Burger|Smashburger|Smash burger|Starburger,US,,
163,Starbucks,"Sturbucks|Startbuck|Starbucks|Starbuck|Starbrock|Starbaks|Star bucks|Star buccs|Srarbucks|Sturbuks|Sturbucks|Sturbacs|Sturbacks|Statbucks|Starucks|Startbucks|Start Bucks|Starsbucks|Starbust|Starbuskes|Starbuks|Starbukcs|Starbugs|Starbucs|Starbucls|Starbucks coffee near to office|Starbucks Coffee Company - Town Quay|Starbucks Coffee|Starbucks Cafe|Starbuck's|Starbucks|Starbuck|Starbooks|Starbocks|Starbicks|Starbcuks|Starbbuskc|Starbacks|Star bucks|Star buck|Stafbucks|Staebucks|Stabucks|Stabocks|Sraebucks|Srabucks|Satrbucks|Atarbucks|Starlight|Starbux|Starbuks|Starbukc|Starbucks|Starbuck|Starbacks|Star ucks|Stabucks|Syarbucks|Sturbuks|Sturbucks|Sturbuck|Sturbacks|Sttarbucks|Stsrburst|Stsrbucks|Strbucks|Strbuck|Straubucks|Strarbucks|Strabucks|Stgarbucks|Stawrbucks|State bucks|Statbucks|Statbacks|Stasrbucks|Starvucks|Starvuck|Starucks|Staru]bucks|Startbusts|Startbucks|Starsbruck|Stars Bucks|STarrbucks|Starnucks|Starnbucks|Starkbucks|Starfucks coffee|Stareburg|Starebucks|Starcucks|Starcrusts|Starbycks|Starbux|Starbust|Starbuss|Starbusk|Starbursts|Starburst|Starburg|Starburcks|Starbuks|Starbukks|Starbukes|Starbugs|Starbug|Starbucs|Starbucms|Starbucls|Starbuclkd|Starbucky|Starbucks's|Starbucks`tesco|Starbucks`|Starbucks.|Starbucks,|Starbucks Coffee|Starbuck's|Starbucks|Starbuckks|Starbuckkks|Starbuckj|Starbuckes|Starbuckd|Starbucka|Starbuck coffee|Starbuck|Starbucjs|Starbucj|Starbuccks|Starbuc;s|Starbuc|Starbrucks|Starbrooks|Starbrookes|Starbox|Starbooks|Starbocks|Starbjcks|Starbicks|Starbest|Starbcuks|Starbcks|Starbaks|Starbak|Starbags|Starbacks|Starback|Starb7ck|Star4bucks|Star bus|Star bugs|Star bucs|Star Bucks Coffee|Star buck's|Star bucks|Star Buck|Star  bucks|Staqrbucks|Staebucks|Stabucks|Stabrucks|Sstarbucks|Srarbucks|Sraebucks|Satrbucks|Satrbuck|Satbucks|Sarbucks coffee|Sarbucks|Sarbcuks|Ive been to starbucks on my break fron work to have coffee and their cpfffee are amazing and its not very time consuming, there is no long queues you just pay and go which is amazing.|Atarbucks",UK|US,,
164,Stonehouse Pizza & Carvery,Stonemill|Stonehouse Pizza & Carvery|Stonehouse|Stonehouse Pizza & Carvery|Stonehouse|Stonehouse Pizza and Carvery|Stonehouse Pizza,UK,,
24,Strada,Strada|Starda|Strada|La strada|Dadada|Strada,UK,,
165,Subway,"Surway|Sunway|SubwY|Subways|Subway (Heywood)|Subway|Subfgw|Subaway|Sub way|Sub|Sudway|SubwY|Subwsys|Subwsy|Subwey|Subways|Subway's|Subway.|Subway,|Subway|Subwau|Subwar|Subset|Subqay|Submay|Sub ways|Sub way|Maray|Curry|Cubana|Sybway|Succk|Subwya|SubwY|Subwsy|Subway's|Subways|Subwayhnn|Subwaycosta|Subway way|Subway|Subwau|Sub way|Sub|Sabway",UK|US,,
25,TGI Fridays,"TRI Friday's|Tri fridays|Tj's grill|Tjis|Tji fridays|Tji|TIL Fridays|Tigi friday|TiG friday|Thi friday|Thank God Its Friday|TH I Fridays|Th fridays|Tgy frides|Tgl fridays|TGI'S friday|Tgi's|Tgis|Tgifru|TGIFridays|Tgifriday|Tgifidays|TGIF fridays|TGIF friday|Tgif|TGI’s|TGI,s|TGI s|Tgi frydays|Tgi fridsy|TGI Friday's|TGI Fridays'|Tgi fridays|TGI Friday’s|Tgi friday|Tgi fridats|Tgi firdays|Tgi  Fridays|TGi'|TGI|TGFriday|Tgfi|TGF Friday|Tgf|TGA Friday|Tg1 fridays|TG I Friday|TG Fridays|TG Friday|Tfl friday|Tfifridays|TFI Fridays|Tfi friday|TFI|Tf2 Fridays|Tai fridays|T.g.i.f|T.G.I. Friday's|T.g.I fridays|T.g.i friday|T.g.i|T&J|T j fridays|T j friday|T G I Fridays|T g i friday|T G Fridays|Jgi Friday|Frydays|Friday's|Fridays|Friday|Fgjf|FGJ|FGIFridays|FGI friday|TTGI Friday|TJI Fridays|Tj frtday|Tj fridays|Tho fridays|This Fridays|Tgis fridays|TGI's|TGIs|Tgifridays|Tgi-Friday's|TGI Friddays|TGI friday's|Tgi fridays|TGI Friday’s|TGI Friday|TGI Firdays|Tfi fridays|Jgi Friday|Tgis|Tgifridays|Tgif|Tgi’s|Tgi Friday's|Tgi Fridays|Tgi friday|Tgi|Fridays|TGIF|TGI's",UK|US,tgifridays,
34,Table Table,TabletTable|TableTable|Table to Table|Table table|Table  table|Tabke table|TableTable|Table tables|Table Table|Table Table,UK,,
//166,TakeEatEasy,,,,
167,Tesco Café,Tescos|Tesco restaurant|Tesco Cafe|Tesco|Tesc|Tesco's Cafe|Tescos cafe|Tescos|Tescoa|Tesco restaurant|Tesco etc|Tesco Caffee|Tesco Café|Tesco Cafe|Tesco (Cafe)|Tesco|Tesci cafe|Telcos cafe|Tesco's cafe|Tescos|Tesco cafe|Tesco|The cafe tesco|Tesvo|Testo|Teso|Tesko|Tesco's Snack shop|Tescos cafe|Tesco's|Tescos|Tesco’s|Tesco/asda|Tesco superstore|Tesco Supermarket Cafe|Tesco restaurants|Tesco restaurant|Tesco Petrol Station|Tesco Local|Tesco Harris and hall|Tesco express|Tesco coffee shop|Tesco coffee costa|Tesco coffee|Tesco cafre|Tesco Caffee|Tesco caffe|Tesco cafes|Tesco cafee|Tesco cafe`|Tesco Café|Tesco cafe|Tesco breakfast bar|Tesco|Restaurants in Tesco|Tesco,UK,,
195,The Breakfast Club,The breakfast club|The breakfast club|The breakfast club|Breakfast time|Breakfast club|Breakfast Club,UK,,
200,The Real Greek,The real greek|Real greek|The Real Greek|The Real Greek,UK,,
212,The Stable,The stable|The stable|Stables|The stables|The Stable|The stables|The Stable|Stables,UK,,
168,Thorntons Café,Thorntons coffee shop|Thornton's Café|Thorntons cafe|Thornton's|Thorntons|Thornton’s|Throntons|Thortons|Thornton's Café|Thornton's|Thornton's,UK,,
213,Tim Hortons,Tim hortons|Tim Hortons|Tim Horton’s|Tim Horton|Tim Hortons|Tim Horton’s|Tim Horton|Tim Hortans|Tim herton|Tim  Hortons,UK,,
28,Toby Carvery,"Тoвy carvery|Yoby cavery|Tony carvery|Toby's Cavary|Toby's Carvery|Tobys carvery|Toby's carver|Toby's|Tobys|TobyCarvery|Toby’s carvery|Toby Restaurants|Toby inns|Toby Inn Carvery|Toby inn|Toby Grill|Toby gcarvey|Toby fayre|Toby Curving|Toby Cravery|Toby cavory|Toby cavey|Toby cavery|Toby cavern|Toby carvry|Toby carvey|Toby Carveryt|Toby carverys|Toby Carvery,|Toby Carvery Ainsworth|Toby carvery|Toby carvert|Toby carveries|Toby carver|Toby carvary|Toby Carvaery|Toby Carevery|Toby carcery|Toby Carberys|Toby carbery|Toby caravary|Toby car very|Toby cannery|Toby calvery|Toby Calvary|Toby calavry|Toby arvery|Toby  carvery|Toby|Tobies|Tobi Carery|Tobey cavery|Tobey carvery|Tobby carvy|Tobby carvery|Tobby|The toby carvery|Royal Toby carvery|Carmarthen Toby Carvery|Toys cavery|Toby Inns|Toby cravery|Toby covory|Toby Cavery|Toby caverey|Toby carvry|Toby Carvey|Toby carvery|Toby carver my|Toby carver|Toby carvary|Toby carby|Toby carbery|Toby car very|Toby calvery|Toby Calveri|Toby Calvary|Toby|Tobies carvery|Tobi carvery|Tobey inn|Tobbeys|Carvery Toby|Toby's cavern|Tobys carvery|Toby's|Tobys|Toby inns|Toby cavery|Toby Carvery|Toby|Tobt Carvery|To y carvery|Carvery toby",UK,,
169,Tortilla,Totilla|Tortilla|Tortillas|Tortilla|Grilla|Tortilla|Tortilla,UK,,
170,Tossed,Tossed|Tossed,UK,,
171,Turtle Bay,TurtleBay|Turtle island|Turtle bay|Turle bay|Turtle Bay|Turtle  bay|Turtlebay|Turtle Bay|Turtle bay,UK,,
172,Two for One,Twoforone|Two for One|Two for one|Two for one,UK,,
173,UberEats,Uber eats|Ubereats|Uber eats,UK|US,,
174,Upper Crust,Uppercrust|Uppercrust|Upper Crust|Uppercrust|Upper crust,UK,,
175,Veeno,French|Veeno,UK,,
176,Vintage Inns,Vintake inns|Vintage pubs|Vintage inns|Vintage inne|Vintage inn|Vintage \inns|Vintage|Village inns|Village inn|Vintage Inns|Vintage inns,UK,,
//177,Wacky Warehouse,Wacky Warehouse|Wacky warehouse|Wacky Ware house|Wacky warehouse,,,
29,Wagamama,Wigamanas|Wgamammas|Wangamama|Wammamma|Wamagamma|Wakamama|Waka Mama's|Wai Kika Moo Kau|Wahamama|Wags mama|Wagon mammas|Wagon mamas|Wagmammas|Wagmamia|Waggoners|Waggmamma|Waggamummers|Waggamumma|Waggamuma|Waggamomma|Waggammas|Waggamma|Waggamas|Waggamans|Waggamanni|Waggamammas|Waggamamma|Waggamamers|Waggamamas|Waggamama|Waggamam|Wagga mummer|Wagga mumma|Wagga Mamme|Wagga mamas|Wagga mamaa|Wagga Mama|Wage mammas|Wagayama|Wagawma|Wagawama|Wagas|Wagaramma|Wagarama|Waganama|Wagamummas|Wagamumma|Wagamumas|Wagamuma|Wagamomas|Wagamoma|Wagammas|Wagammania|Wagammamma|Wagammamas|Wagammama|Wagamma|Wagamers|Wagamas|Wagamara|Wagamanna|Wagamania|Wagamanga|Wagamana|Wagamams|Wagamammas|Wagamamma’s|Wagamamma|Wagamama's|Wagamamas|Wagamama’s|Wagamama tower hill|Wagamama s|Wagamama|Wagamam|Wagamaga|Wagama|Waga mums|Waga mummas|Waga mamma|Waga mamas|Waga mama|Waccamuma|Vagamama|Ragamama|Wakamama|Wagwagag|Wagtail|Waggamuma|Waggammas|Waggamma|Waggamammas|Waggamamas|Waggamama|Wagga mammas|Wagga mamas|Waganmama|Wagamummas|Wagamumas|Wagammas|Wagammana|Wagammammas|Wagammamas|Wagammama|Wagamma|Wagamm amass|Wagamanas|Wagamana|Wagamams|Wagamammas|Wagamamma|Wagamama's|Wagamamas|Wagamamama|Wagamama’s|Wagamama|Wagamam|Wagamaa's|Wagama|Wagagmama|Wagabayo|Waga mamas|Waga mama|Wagsmama|Wagimoma|Waggamana|Waggamama|Waggama|Wagamummas|Wagamomas|Wagamma|Wagamams|Wagamammas|Wagamamma|Wagamama's|Wagamamas|Wagamamaa|Wagamama’s|Wagamama|Wagama|Waga mama|Waga|Waggamamma|Waggamama|Waggama|Wagayama|Wagammama|Wagamama's|Wagamamas|Wagamama|Wagaama|Waga mama|Waamama,UK,wagamamauk,
52,Wahaca,Wauhaca|Wahama|Wahaka|Wahacca|Wahacas|Wahaca|Wacha|Waccha|Waxaca|Wahakas|Wahacca|Wahaca|Maharani|Maccas|DadaC|Dabawal|Wahacca|Wahaca|Yahaca|Wahacas|Wahaca,UK,,
188,Waitrose Café,Weightrose|Waitrose Restaurant|Waitrose cafe|Waitrose|Waitress|Waitrose caffe|Waitrose Cafè|Waitrose Café|Waitrose cafe|Waitroes cafe|Waitress cafe|Waitruse|Waitroses|Waitrose/john lewis|WAITROSE RESTAURANT|Waitrose Café|Waitrose Cafe|Waitrose|Waitroes|Waitroae|Waitrise|Wait rows|Wait rose|Waaitrose|Waitrose,UK,,
178,Wasabi,Wassabi|Wasobia|Wasbi|Wasabisabi|Wasabie|Wasabi Sabi|Wasabi|Wasbi|Wasbabi|Wasabk|Wasabi|Wasabi,UK,,
//179,West Cornwall Pasty Company,West Cornwall Pasty Company|Cornwall Pasty Co|Cornwall pasty|Cornish Pasty Company|Cornwall pasty company|West Cornwall Pasty,,,
16,Wetherspoon,"Wtherspoons|Wotherspoons|Wotherspoins|Withspoons|Withspoon|Witherspoon's|Witherspoons|Witherspoon s|Witherspoon|Witherspons|Witherspones|Withersoons|Wither spoons|Whitherspoons|Whither spoons|Whethersppons|Whetherspoons|Whetherspoon|Whether spoons|Wheterspoons|Wheterspoon|Wherthspoon|Wherspoons|Wheatseaf|Wheathrrspoons|Wheatherspoons|Wheatherspoon|Wheather spoons|Wheaterspoon|Weweatherspoons|Weverspoons|Weveaspoon|Wethwrspoons|Wethrspoons|Wethetspoons|Wethetspoon|Wethespoons|Wethersppons|Wetherspoovs|Wetherspooons|Wetherspoons`|Wetherspoons.|Wetherspoons The Whispering Moon|Wetherspoons The Skylark|Wetherspoons The Rising Sun|Wetherspoons The post House|Wetherspoons The Moon on the Hill|Wetherspoons The Grapes|Wetherspoons pubs|Wetherspoons pub|Wetherspoon's|Wetherspoons|Wetherspoon’s|Wetherspoon|Wetherspooms|Wetherspoo s|Wetherspons|Wethersp[oon|Wethersopoons|Wethers|Wetherpon|Wetherby Whaler|Wether spoons|Wether Spoon|Wetespoon|Weterspoon|Westherspoons|Wertherspoons|Wertherspoond|Wertherspoon|Wehterspoons|Weherspoons|Webberspoons|Weaver's mill|Weatjerspons|Weathspoons|Weathrspoons|Weathetspoons|Weathespoons|Weathervane|Weathersppons|Weatherspoos|Weatherspoonsl|Weatherspoons (Golden Grove - Stratford, Royal Oak - Fairlop)|Weather'spoons|Weatherspoon's|Weatherspoons|Weatherspoon’s|Weatherspoon.|Weatherspoon|Weatherspooms|Weatherspools|Weatherspoobs|Weatherspons|Weatherspones|Weatherspon|Weathersoons|Weathers spoons|Weathers|Weatherproof|Weatheroons|Weathereds|Weatherdpoons|Weather spoon's|Weather spoons|Weather Spoon Pubs|Weather spoon|Weather sopoons|Weather soons|Weatgerspoons|Weatger spoond|Weaterspoon|Weaterpoons|Wearherspoons|Weaherspoons|Watherspoon|Waterspoon|Water spoon|Waetherspoons|The William Stead ( D.J Wetherspoon.)|The Ralph Fitz Randal ( D.J Wetherspoon )|The Furze Wren -Wetherspoon|Spoons|Spoon|Mandarin buffet|Man in the moon|Man in moon - weather spoons|Man in fhe moon|Jdwetherspoon|Jd witherspoons|JD Whetherspoons|JD Whetherspoon|JD Wetherspoon's|Jd wetherspoons|Jd wetherspoon|Jd wetherspooms|JD Werherspoon|Jd weathersppons|Jd weatherspoons|Jd weatherspoon|Jd weather spoon|Jd grill|Jd|J.s.|J. D Whitherspoon|J w lees|J p w|J d Wetherspoons|J D Wetherspoon|J D Weatherspoons|J d weatherspoon|Eetherspoons|Any Wetherspoons|`Wetherspoons|Wraterspoons|Wotherspoons|Wotherspoon|Witherspoon's|Witherspoons|Witherspoon’s|Witherspoon s|Witherspoon|Witherspons|Witherspones|Withersoons|Whitherspoons|Whetherspoons|Whetherspoon|Whether spoons|Whether spoon|Wheterspoons|Wheaverspoons|Wheathespoons|Wheatherspoons|Wheaterspoon pubs|Wheaterspoon|Weyherspoons|Wethspoon|Wethespoons|Wethersppons|Wetherspoosn|Wetherspooons|Wetherspoons`|Wetherspoons- stowmarket|Wetherspoons pubs|Wetherspoons pub|Wetherspoons Ipswich|Wetherspoons / Loyds|Wetherspoons (The Yarbrough Hotel)|Wetherspoons (The Coliseum Picture House)|Wetherspoon's|Wetherspoons|Wetherspoonns|Wetherspoond|Wetherspoon’s|Wetherspoon pubs|Wetherspoon Pub Meal|Wetherspoon pub|Wetherspoon|Wetherspons|Wethersponns|Wethersooons|Wethersoons|Wether spoons|Wether spoon|Wetgerspoons|Weterspoon|Wetaherspoons|Westherspoons|Westhaerspoons|Wertherspoons|Wertherspoon|Werherspoons|Werherspoon|Weithspoons|Wehterspoons|Weherspoons|Weetherspoons|Wederspoons|Weathwrspoons|Weathwrapoons|Weathspoons|Weathspoon|Weathrspoon|Weathetrspoons|Weathespoons|Weathersppons|Weatherspopons|Weatherspoos|Weatherspoons pubs|Weatherspoons pub|Weatherspoons buxton|Weatherspoons Bar/Restuarant|Weatherspoòns|Weatherspoon's|Weatherspoons|Weatherspoonns|Weatherspoones|Weatherspoond|Weatherspoon pub|Weatherspoon breakfast|Weatherspoon|Weatherspookns|Weatherspons|Weatherspones|Weatherspoins|Weathersoons|Weathers Poon's|Weatherpoons|Weatherpoon|Weatherdpoons|Weatherapoons|Weather spoons|Weather spoon|Weather spooms|Weather sooons|Weatgersppins|Weatehrdpoons|Wearherspoons|Watherspoons|Waterspoons|Waterspoon|Pub Wetherspoons|Pub weatherspoons|Pub Weatherspoon|Nd wetherspoon|Jdwetherspoon|Jd Witherspoons|Jd witherspoon's|JD Whetherspoons|JD Wetherspoons|JD Wetherspoon|JD Wethersponns|JD Wertherspoons|JD Weatherspoons|Jd weatherspoon|J D Wetherspoons|J d wetherspooni|J d wetherspoon|J D Weatherspoons|A wetherspoons|Wwetherspoons|Wutherspoons|Wtherspoon's|Wtherspoons|Wrtherspoons|Wreatherspoons|Wratherspoons|Wothrrspoons|Wotherspoons|Wotherspoon|Withwrspoons|Withetspoons|Witherstones|Withersspoons|Witherspoons.|Witherspoon's|Witherspoons|Witherspoon’s|Witherspoon|Witherspons|Withersponns|Withersoons|Wither spoons|Wintherspoon|Winterspoon|Wilderspoon|Wiherspoon|Whwtersppons|Whterspoons|Whrtherspoons|Whithrspoon|Whitherspoons|Whitherspoones|Whitherspoon|Whiterspoons|Whiterspoon|Whethrspoons|Whethersppons|Whetherspoos|Whether-spoons|Whetherspoons|Whetherspoon|Whethersoons|Whetherespoon|Whether spoons|Whether spoon|Whether|Whetgerspoons|Wheterspoons|Wheterspoon|Wheterspon|Wheter spoons|Whestherspoons|Wherthspoons|Whertherspoons|Wherspoons|Wheathspoons|Wheathrrsppons|Wheatherspoons|Wheatherspoon|Wheather spoons|Wheather spoon|Wheaterspoons|Wheaterspoon|Whearspoons|Wheahterspoons|Weyhrspoons|Weyherspoons|Wettherspoones|Wetterspoon|Wetmore whistle|Wethwrspoons|Wethwerspooons|Wethtspoons|Wethspoons|Wethrspoons|Wethrrspoon|Wethrespoons|Wetho|Wethgerspoons|Wethetspoons|Wethethspoons|Wethespoons|Wethespoon|Wethersppons|Wethersppon|Wetherspos|Wetherspoosns|Wetherspoos|Wetherspooons|Wetherspooon|Wetherspoons.|Wetherspoons pub|Wetherspoons Newmarket|Wetherspoons dolphin and anchor|Wetherspoons chain|Wetherspoons Calverts Court|Wetherspoon's|Wetherspoons|Wetherspoonbs|Wetherspoon’s|Wetherspoon the coliseum|Wetherspoon s|Wetherspoon pubs|Wetherspoon|Wetherspooms|Wetherspoom|Wetherspooins|Wetherspoobs|Wetherspons|Wethersponns|Wetherspon|Wetherspoms|Wetherspo0ns|Wetherspions|Wethersooons|Wethersoons|Wetherpsoons|Wetherpoons|Wetherpoon|Wetherpons|Wetherfields|Wetherespoons|Wetherdpoons|Wetherapoons|Wether spoons|Wether spoon|Wether|Wetgherspoons|Wetgerspoons|Wetger spoons|Weterspoons|Weterspoon|Wetehrspoons|Wetberspoons|Westherspoons|Werthspoons|Wertherspoons|Wertherspoon|Werherspoons|Werherspoon|Weltherspoons|Weitherspoons|Wehterspoons|Weherspoons|Weherspoon|Weetherspoons|Weayherspoons|Weavers|Weathwrspoons|Weathwespons|Weathspoons|Weathspoon|Weathrspoons|Weathrespoons|Weathetspoons|Weathespoons|Weatherwpoons|Weatherstones|Weathersppons|Weathersppon|Weathersppns|Weatherspoos|Weatherspooons|Weatherspoonx|Weatherspoons.....|Weatherspoons.|Weatherspoons,|Weatherspoons pub|Weatherspoons green king the crown|Weatherspoon's|Weather-spoons|Weatherspoons|Weatherspoones|Weatherspoond|Weatherspoon|Weatherspooms|Weatherspoom|Weatherspons|Weathersponns|Weatherspones|Weatherspon|Weatherspoins|Weathersoons|Weather's spoons|Weathers poons|Weathers|Weatherpsoons|Weatherpoons|Weatheroon|Weatherapoons|Weather spoonsstrada|Weather spoonsq|Weather spoons,King Bill,Waretmillock,Last Drop|Weather spoon's|Weather spoons|Weather spoon|Weather|Weathchief|Weatgersppoms|Weatgerspoons|Weaterspoons|Weaterspoon|Weatehrspoons|Weartherspoons|Wearther spoones|Weartehrspoons|Wearhersppons|Wearherspoons|Weargerspoons|Weahtherspoons|Weahterspoons|Weaherspoons|Weaatherspoons|Watherspooon|Watherspoons|Watherspoon|Waterspoons|Waterspoon|Waterspoom|Wartherspoons|Waetherspoons|The weatherspoons|Spoons|Spoon|Red lion wetherspoons|Qetherspoons|Mitherspoons|Jdwetherspoons|JD Wttherspoon|Jd witherspoon|Jd whetherspoons|JD Wetherspoon's|Jd wetherspoons|JD Wetherspoon|Jd wetherpsoons|Jd weathrspoons|Jd weathersppons|JD Weatherspoons|JD Weatherspoon|Jd weatherspood|JD weathersoons|Jd weather's poon|JD weather spoons|J.d.wetherspoon|J.d. wertherspoon|J.D witherspoons|J. W. Wetherspoon|J weatherspoon|J D Witherspoons|J D Wetherspoons|J d wetherspoon|J D Weathspoon|J d weatherspoons|J D Weatherspoon|I wetherspoons|Heatherspoons|Eethrrspoons|Any Wetherspoons|Wotherspoons|Witherspoons|Witherspoon's|Witherspoon’s|Witherspoon|Wither spoons|Wiherspoons|Whitherspoons|Whither spoons|Whetherspoons|Whetherspoon|Wheterspoons|Wheterspons|Wherspoons|Whehterspoons|Wheatherspoons|Wethterspoons|Wethspoons|Wetherspponn|Wetherspoons Pubs|Wetherspoons (Just for coffee)|Wetherspoon's|Wetherspoons|Wetherspoonbs|Wetherspoon|Wetherspions|Wethersopns|Wetherpsoons|Wetherpoons|Wether spoons|Wether spoon|Wethepoons|Westhspoons|Werherspoons|Welcome cafe|Weatherspoons|Weatherspoon Pub|Weatherspoon|WeAtherspooms|Weatherspons|Weather spoons|Weather spoon|Weather spons pub|Weatgerspoons|Weaterspoons|Wearherspoons|Waterspoon|Jp whertherspoons|JDW|Jd wethersppon|Jd wetherspoons|JD Wetherspoon|JD Weatherspoons|J D Wetherspoons|J d wetherspoon|J D Weatherspoons|J d weatherspoom|JD Wetherspoon",UK,,
180,Wild Bean Café,Wild bean Cafe|WildBean cafe|Wildbean|Wild bean café|Wild bean cafe|Wild bean,UK,,
197,Wildwood,Wildwoods|Wildwood pub|Wildwood kitchen|Wildwood|Wildood|Wildman|Wild woods|Wild Wood|Wildwoods|Wildwood|Wild wood|Wildwood,UK,,
181,Wimpy,Wimpys|Wimpy bar|Wimpy|Wimpey bar|Wimpey|Whimpy|Wimpys|Wimpy kid|Wimpy|Wimpppy|Wimpies|Wimpey|Wimp|Whimpy|Wimpy|Wimpey|Whimpy,UK,,
182,Wok&Go,Work and Go|Wokandgo|Wok&go|Wok and Go|Wok 2 go|Wok&Go|Wok n go|Wok and Go|Wok & go|Wok&go|Wok and Go|Wok And Go,UK,,
183,Wyevale Garden Centre Café,Wyvern Gardening Centre in-house cafe|Wyvern|Wyvale nurseries|Wyvale Garden Centres|Wyvale garden centre|Wyvale|Wyevales nursery|Wyevales|Wyevale Graden Centre|Wyevale garden centres|Wyevale Garden Centre|Wyevale cafe|Wyevale|Wye garden|Wye ale garden Centre cafe|Garden centre Wyvale|Garden centre whyvale|Garden centre @Wyevlale's|Coffee shop in wyvale garden centre|Wyvale Garden Centre|Wyevale,UK,,
184,Yates's,Yesssssssssssss|Yeats|Yeates|Yatse's|Yatses|Yatesys|Yates's|Yates`|Yate's|Yates'|Yates|Yeates|Yates's|Yate's|Yates'|Yates|Yateez|Ytes|Yeates|Yatzees|Yatzee|Yatses|Yatsees|Yatrs|Yatres|Yatesy|Yates's|Yatess|Yateses|Yates’s|Yates’|Yates;s|Yates' Wine Lodge|Yates Wine Lodge|Yates' Wine Bars|Yates wine bar|Yate's No1|Yates Lodge|Yates Bar|Yate's|Yates'|Yates|Yatea|Yate|Yangs|Yatess|Yates|Yates,UK,,
30,YO Sushi,Yu!sushi|Yo-Sushi|Yosushi|Yoshushi|Yoi Sushi|Yoi shushi|YO-Bo (in Stratford)|Yo!sushi|Yo! Sushi|Yo! Suchi|Yo!|Yo yo sushi|Yo yo in bajing|Yo Susi|Yo sushu|Yo sushi!|Yo Sushi|Yo Susghi|Yo Suishi|Yo Suchi|Yo sidhi|Yo shusi|Yo shushi|Yo|Su shi|Ho sushi|Go Sushi|Go suchi|Yu sushi|YoSushi|Yo!Sushi|Yo! Sushi|Yo susi|Yo Sushj|Yo Sushi!|Yo sushi|Yo suishi|Yo shushi|Young & Co|You sushi|YoSushi|Yo Sushi|Yo suchi|Yo shusi|Yo sushi|YO,UK,yosushi,
31,Zizzi,Zzzi|Zziz's|Zzizi|Zuzzi|Zucci|Zozzi|Zizzzis|Zizzzi|Zizzys|Zizzy|Zizzu|Zizzl|Zizziz|Zizzis`|Zizzis|Zizzi's|Zizziis|Zizzies|Zizzie|Zizzi’s|Zizzi Restaurant|Zizzi pizza|Zizzi|Zizze|Zizza|Zizxi|Zizu|Zizs|Zizi's|Zizis|Ziziis|Zizii|Zizi’s|Zizi Pizza|Zizi bazar|Zizi|Ziyrab|Zivvi|Ziuzzi|Zittos|Zissi|Ziizzi|Ziizz|Ziiziis|Ziizii|Ziizi|Zii Zii|Zigi|Ziggis|Ziggi|Zi Zi's|Zi Zi|Zazzi|Azzizis|Zizzi's|Zizzis|Zizzia|Zizzi|Zizz’s|Zizi's|Zizis|Zizii|Zizi|Zi zi|Mahzil|Zizzis|Zizzi|Zizou lounge|Zizis|Zizi,UK,azzuri,
215,The Alchemist,The Alchemist|The Alhamist|The Alchomist|The Alchemist|The Alchemist|The Alchemist|The Alchemist|The Alchemist|The Alchemist|The Alchemist|The Alchemist|The Alchemist,UK,,
216,The Ivy,,UK,,
217,Brewdog Bars,,UK,,
218,Rosa's Thai Cafe,,UK,,
219,Caffè Ritazza,,UK,,
220,Burger And Lobster,,UK,,
221,Abokado,,UK,,
300,A&W,,US,,
301,Amazon Restaurants,,US,,
302,Applebee's,,US,,
303,Arby's,,US,,
304,Au Bon Pain,,US,,
305,Auntie Anne's,,US,,
307,Baskin-Robbins,,US,,
308,Beef 'O' Brady's,,US,,
309,Big Boy,,US,,
310,Biggby Coffee,,US,,
311,BJ's,,US,,
313,Blue Apron,,US,,
314,Bob Evans,,US,,
315,Bojangles',,US,,
316,Bonefish Grill,,US,,
317,Boston Market,,US,,
318,Braum's,,US,,
319,Bruegger's Bagels,,US,,
321,California Pizza Kitchen,,US,,
322,Captain D's Seafood Kitchen,,US,,
323,Caribou Coffee,,US,,
324,Carl's Jr.,,US,,
325,Carrabba's Italian Grill,,US,,
326,Caviar,,US,,
327,Charleys Philly Steaks,,US,,
328,Checkers,,US,,
330,Chick-fil-A,,US,,
331,Chili's,,US,,
332,Chuck E. Cheese's,,US,,
333,Church's Chicken,,US,,
334,Cicis,,US,,
335,Cinnabon,,US,,
336,Cold Stone,,US,,
337,Corner Bakery Cafe,,US,,
338,Cracker Barrel Old Country Store,,US,,
339,Culver's,,US,,
340,Del Taco,,US,,
341,Denny's,,US,,
342,Dickey's Barbecue Pit,,US,,
344,DoorDash,,US,,
345,Dairy Queen,,US,,
346,Dunkin' Donuts,,US,,
347,Dutch Bros. Coffee,,US,,
348,Einstein Bros. Bagels,,US,,
349,El Pollo Loco,,US,,
351,Fazoli's,,US,,
352,Firehouse Subs,,US,,
354,Freddy's,,US,,
355,Friendly's,,US,,
357,Godfather's Pizza,,US,,
359,Golden Corral,,US,,
360,Great American Cookies,,US,,
361,GrubHub,,US,,
362,Hardee's,,US,,
363,Hooters,,US,,
364,Huddle House,,US,,
365,Hungry Howie's Pizza,,US,,
366,IHOP,,US,,
367,In-N-Out Burger,,US,,
368,Jack in the Box,,US,,
369,Jamba Juice,,US,,
370,Jason's Deli,,US,,
371,Jersey Mike's Subs,,US,,
372,Jet's Pizza,,US,,
373,Jimmy John's,,US,,
374,Johnny Rockets,,US,,
375,Krispy Kreme,,US,,
376,Krystal,,US,,
377,Little Caesars,,US,,
378,Logan's Roadhouse,,US,,
379,Long John Silver's,,US,,
380,LongHorn Steakhouse,,US,,
381,Marco's Pizza,,US,,
382,McAlister's Deli,,US,,
383,Mellow Mushroom,,US,,
384,Menchie's,,US,,
385,Moe's,,US,,
387,Munchery,,US,,
388,Noodles & Company,,US,,
389,O'Charley's,,US,,
390,Olive Garden,,US,,
391,Outback Steakhouse,,US,,
392,P.F. Chang's,,US,,
393,Panda Express,,US,,
394,Panera Bread,,US,,
396,Papa Murphy's,,US,,
397,Peet's,,US,,
398,Pei Wei,,US,,
399,Penn Station East Coast Subs,,US,,
400,Perkins,,US,,
401,Pizza Pro,,US,,
402,Pizza Ranch,,US,,
403,Plated,,US,,
405,Popeyes,,US,,
406,Postmates,,US,,
407,Potbelly,,US,,
408,Qdoba,,US,,
409,Quiznos,,US,,
410,Raising Cane's,,US,,
411,Rally's Hamburgers,,US,,
412,Red Lobster,,US,,
413,Red Robin,,US,,
414,Rita's,,US,,
415,Rosati's Pizza,,US,,
416,Round Table,,US,,
417,Rubio's,,US,,
418,Ruby Tuesday,,US,,
419,Sarku Japan,,US,,
420,Sbarro,,US,,
421,Schlotzsky's,,US,,
422,Seamless,,US,,
423,Smoothie King,,US,,
424,Sonic Drive-In,,US,,
425,Steak 'n Shake,,US,,
426,Taco Bell,,UK|US,,
429,Taco John's,,US,,
430,Texas Roadhouse,,US,,
431,The Cheesecake Factory,,US,,
432,The Coffee Bean & Tea Leaf,,US,,
434,Tim Hortons,,US,,
435,Togo's Sandwiches,,US,,
436,Tropical Smoothie Cafe,,US,,
437,Villa Fresh Italian Kitchen,,US,,
438,Village Inn,,US,,
440,Waffle House,,US,,
441,Wendy's,,US,,
442,Wetzel's Pretzels,,US,,
443,Whataburger,,US,,
444,Which Wich,,US,,
445,White Castle,,US,,
446,Wienerschnitzel,,US,,
447,Wingstop,,US,,
448,Yelp Eat24,,US,,
449,Yogurtland,,US,,
450,Zaxby's,,US,,
451,Zoes Kitchen,,US,,
//1000,Alchemy,,,alchemy,
